"TVB","10.70","0.70 (7.0 %)","","10.00","10.45","10.70","10.00","1,828,480","19,136,000,000","0"
"NKG","0","0.70 (7.0 %)","10.70","","10.00","10.00","10.70","9.95","9,978,080","103,504,000,000"
"FUCVREIT","0","0.35 (7.0 %)","0","5.35","","5.00","5.30","5.35","5.30","930"
"DHA","5,000,000","2.70 (7.0 %)","0","0","41.40","","38.70","38.70","41.40","38.70"
"AGR","103,000","0.34 (7.0 %)","4,154,000,000","0","0","5.22","","4.88","4.90","5.22"
"HVH","4.89","0.56 (7.0 %)","1,642,430","8,306,000,000","0","0","8.61","","8.05","8.01"
"TPC","8.61","0.48 (6.9 %)","8.01","807,470","6,730,000,000","0","0","7.39","","6.91"
"VIS","7.29","1.00 (6.9 %)","7.39","7.28","3,340","25,000,000","0","0","15.40",""
"CCI","14.40","0.90 (6.9 %)","14.40","15.40","14.40","14,110","210,000,000","0","0","13.90"
"POM","","0.45 (6.9 %)","13.00","13.90","13.90","13.90","160","2,000,000","0","0"
"KOS","6.96","1.85 (6.7 %)","","6.51","6.96","6.96","6.96","120,660","840,000,000","0"
"HAX","0","1.05 (6.3 %)","29.60","","27.75","27.75","29.60","27.75","272,050","7,653,000,000"
"VAF","0","0.70 (6.3 %)","0","17.60","","16.55","17.50","17.70","16.70","1,361,130"
"TVS","23,782,000,000","0.70 (6.1 %)","0","0","11.90","","11.20","11.20","11.95","11.20"
"CMV","1,020","0.80 (6.1 %)","12,000,000","0","0","12.20","","11.50","11.20","12.20"
"VDP","11.20","1.85 (6.0 %)","30,320","354,000,000","0","0","14.00","","13.20","12.30"
"TMS","14.00","1.95 (5.8 %)","12.30","600","8,000,000","0","0","32.90","","31.05"
"ILB","31.10","1.10 (5.4 %)","32.90","31.10","1,110","35,000,000","0","0","35.75",""
"MCP","33.80","1.30 (5.2 %)","34.45","35.90","33.80","26,610","919,000,000","0","0","21.40"
"EVG","","0.29 (5.1 %)","20.30","21.65","21.70","20.70","285,630","6,094,000,000","0","0"
"PXI","26.40","0.15 (4.8 %)","","25.10","25.10","26.40","23.55","290","7,000,000","0"
"FUCTVGF2","0","0.46 (4.8 %)","5.93","","5.64","5.90","6.02","5.80","493,710","2,943,000,000"
"TCL","0","1.00 (3.9 %)","0","3.26","","3.11","3.32","3.32","3.24","4,700"
"ASM","15,000,000","0.36 (3.7 %)","0","0","10.00","","9.54","10.00","10.00","10.00"
"VNS","10","0.40 (3.7 %)","0","0","0","26.90","","25.90","26.05","26.90"
"CLL","26.00","1.00 (3.7 %)","216,650","5,686,000,000","0","0","10.05","","9.69","10.20"
"PGI","10.35","0.70 (3.6 %)","9.91","6,797,120","69,069,000,000","0","0","11.30","","10.90"
"GSP","11.50","0.40 (3.6 %)","11.50","11.25","11,010","125,000,000","0","0","28.35",""
"PET","27.35","0.50 (3.5 %)","28.35","28.35","28.35","40","1,000,000","0","0","19.90"
"DVP","","1.60 (3.5 %)","19.20","20.40","20.40","19.25","5,040","99,000,000","0","0"
"LM8","11.40","0.35 (3.4 %)","","11.00","11.40","11.40","11.40","10","0","0"
"SCR","0","0.22 (3.4 %)","14.60","","14.10","14.30","14.90","13.55","3,773,240","53,825,000,000"
"TIX","0","1.00 (3.2 %)","0","47.40","","45.80","45.80","48.00","45.80","27,930"
"HTV","1,306,000,000","0.40 (3.2 %)","0","0","10.55","","10.20","10.40","10.75","10.10"
"BSI","640","0.29 (3.2 %)","7,000,000","0","0","6.72","","6.50","6.50","6.80"
"PAN","6.50","0.60 (3.1 %)","4,679,680","31,451,000,000","0","0","32.00","","31.00","32.00"
"BCG","32.00","0.24 (3.1 %)","32.00","30","1,000,000","0","0","12.90","","12.50"
"C47","12.90","0.25 (3.0 %)","12.90","12.50","330","4,000,000","0","0","9.39",""
"YBM","9.10","0.15 (3.0 %)","9.10","9.49","9.10","84,330","785,000,000","0","0","19.80"
"THI","","0.80 (3.0 %)","19.20","19.30","20.00","19.30","184,450","3,631,000,000","0","0"
"TLH","8.08","0.13 (2.8 %)","","7.84","7.84","8.15","7.84","1,098,580","8,817,000,000","0"
"FDC","0","0.40 (2.8 %)","8.58","","8.33","8.33","8.60","8.25","144,260","1,216,000,000"
"D2D","0","1.90 (2.6 %)","0","5.22","","5.07","5.07","5.42","4.97","53,180"
"CVT","283,000,000","0.70 (2.6 %)","0","0","27.90","","27.10","27.10","27.90","27.00"
"PIT","1,000","0.10 (2.4 %)","28,000,000","0","0","4.78","","4.65","4.65","4.89"
"UIC","4.45","1.00 (2.4 %)","832,200","3,911,000,000","0","0","14.80","","14.40","14.35"
"STG","14.85","0.35 (2.4 %)","13.40","210","3,000,000","0","0","74.60","","72.70"
"VSC","74.30","1.10 (2.4 %)","75.60","73.20","499,110","37,188,000,000","0","0","28.10",""
"SRF","27.40","0.30 (2.3 %)","27.05","28.60","27.05","1,842,530","51,518,000,000","0","0","4.20"
"HAH","","0.30 (2.2 %)","4.10","4.21","4.21","4.20","600","3,000,000","0","0"
"BIC","42.15","0.40 (2.1 %)","","41.15","41.30","42.35","41.00","1,530","63,000,000","0"
"TEG","0","0.09 (2.0 %)","14.85","","14.50","14.50","14.85","14.50","570","8,000,000"
"CMX","0","0.30 (2.0 %)","0","47.10","","46.00","46.05","47.10","46.00","271,470"
"CTD","12,651,000,000","1.20 (1.9 %)","0","0","13.30","","13.00","13.30","13.30","13.30"
"CTS","40","0.14 (1.9 %)","1,000,000","0","0","13.95","","13.65","13.70","14.10"
"SFC","13.60","0.50 (1.9 %)","504,350","7,002,000,000","0","0","19.40","","19.00","19.00"
"TDG","19.40","0.04 (1.9 %)","19.00","62,770","1,203,000,000","0","0","4.49","","4.40"
"VNE","4.41","0.09 (1.9 %)","4.52","4.40","17,130","76,000,000","0","0","15.10",""
"SVC","14.80","1.30 (1.8 %)","15.10","15.30","14.90","602,470","9,081,000,000","0","0","62.80"
"VPH","","0.07 (1.7 %)","61.60","62.50","63.90","62.20","2,141,080","135,016,000,000","0","0"
"VPG","7.36","0.25 (1.7 %)","","7.22","7.50","7.50","7.25","163,160","1,194,000,000","0"
"HU3","0","0.11 (1.5 %)","27.00","","26.50","25.60","27.00","25.60","4,230","109,000,000"
"DIG","0","0.30 (1.5 %)","0","2.18","","2.14","2.06","2.18","2.05","453,650"
"TS4","954,000,000","0.05 (1.5 %)","0","0","4.94","","4.85","4.80","4.94","4.77"
"IDI","79,090","0.08 (1.4 %)","381,000,000","0","0","71.60","","70.30","71.60","71.60"
"HNG","71.60","0.15 (1.4 %)","290","21,000,000","0","0","4.20","","4.13","4.07"
"GMC","4.20","0.20 (1.3 %)","4.07","29,790","123,000,000","0","0","15.10","","14.85"
"SPM","15.00","0.15 (1.2 %)","15.30","14.60","1,688,430","25,254,000,000","60,000","834,000,000","7.41",""
"RDP","7.30","0.09 (1.2 %)","7.40","7.50","7.40","5,620","42,000,000","0","0","20.55"
"GMD","","0.30 (1.1 %)","20.25","20.35","20.95","20.20","5,099,720","104,975,000,000","3,740,000","76,670,000,000"
"TRC","3.48","0.40 (1.1 %)","","3.43","3.42","3.59","3.42","52,720","185,000,000","0"
"NCT","0","0.80 (1.1 %)","5.70","","5.62","5.85","5.95","5.60","4,043,210","23,478,000,000"
"HUB","0","0.20 (1.1 %)","0","11.00","","10.85","11.10","11.20","10.90","4,324,640"
"OPC","47,667,000,000","0.60 (1.1 %)","0","0","16.10","","15.90","15.90","16.35","15.90"
"VID","29,130","0.09 (1.0 %)","468,000,000","0","0","12.55","","12.40","12.55","12.55"
"TGG","12.55","0.01 (1.0 %)","10","0","0","0","7.79","","7.70","7.98"
"HPG","7.98","0.30 (0.9 %)","7.79","310","2,000,000","0","0","26.60","","26.30"
"CLC","26.40","0.30 (0.9 %)","27.00","26.10","2,080,380","55,492,000,000","282,000","7,416,600,000","36.00",""
"BMP","35.60","0.50 (0.9 %)","36.00","36.00","36.00","1,270","46,000,000","0","0","72.00"
"SMB","","0.30 (0.8 %)","71.20","72.00","72.50","71.00","41,210","2,943,000,000","0","0"
"AGM","18.60","0.10 (0.8 %)","","18.40","19.00","19.00","18.55","17,330","325,000,000","0"
"BBC","0","0.40 (0.8 %)","57.10","","56.50","56.70","57.10","56.70","3,950","225,000,000"
"VPS","0","0.10 (0.8 %)","0","8.84","","8.75","8.45","8.84","8.45","6,090"
"YEG","53,000,000","0.30 (0.7 %)","0","0","1.03","","1.02","1.02","1.06","1.01"
"SBA","304,320","0.10 (0.6 %)","312,000,000","0","0","32.25","","31.95","32.30","32.75"
"HSL","31.90","0.03 (0.6 %)","25,538,500","824,532,000,000","0","0","32.50","","32.20","33.30"
"COM","33.30","0.30 (0.6 %)","32.30","14,090","457,000,000","0","0","55.20","","54.70"
"CEE","55.90","0.10 (0.6 %)","55.90","55.10","216,310","11,961,000,000","0","0","36.80",""
"SHI","36.50","0.05 (0.6 %)","37.00","37.00","36.50","10,140","373,000,000","0","0","12.30"
"BWE","","0.15 (0.6 %)","12.20","12.70","12.70","12.10","24,730","302,000,000","0","0"
"SII","50.30","0.10 (0.6 %)","","49.90","50.90","50.90","50.30","60","3,000,000","0"
"HSG","0","0.10 (0.6 %)","12.60","","12.50","12.45","12.65","12.45","16,230","203,000,000"
"ADS","0","0.05 (0.5 %)","0","44.80","","44.50","44.50","44.90","44.50","29,300"
"VTB","1,310,000,000","0.05 (0.5 %)","0","0","16.10","","16.00","15.95","16.10","15.90"
"DHM","94,850","0.04 (0.5 %)","1,519,000,000","0","0","4.86","","4.83","4.80","4.90"
"VCI","4.80","0.20 (0.5 %)","63,010","305,000,000","0","0","48.70","","48.40","48.40"
"NT2","48.70","0.10 (0.4 %)","48.40","260","13,000,000","197,100","9,821,493,000","16.40","","16.30"
"MSH","15.25","0.15 (0.4 %)","16.40","15.25","5,010","82,000,000","0","0","8.20",""
"DC4","8.15","0.05 (0.4 %)","8.23","8.23","8.09","376,760","3,059,000,000","1,090,000","8,899,800,000","25.75"
"FTS","","0.05 (0.4 %)","25.60","26.00","26.05","25.65","597,700","15,440,000,000","0","0"
"TBC","17.20","0.10 (0.4 %)","","17.10","17.20","17.20","17.20","10","0","0"
"PMG","0","0.05 (0.4 %)","18.15","","18.05","18.05","18.30","17.85","15,085,220","272,558,000,000"
"TYA","140,000","0.05 (0.4 %)","2,570,000,000","9.75","","9.70","9.50","9.75","9.50","13,220"
"TIP","129,000,000","0.10 (0.4 %)","0","0","10.20","","10.15","10.00","10.40","10.00"
"HPX","15,690","0.10 (0.3 %)","161,000,000","0","0","8.19","","8.15","8.14","8.20"
"DQC","8.14","0.05 (0.3 %)","521,240","4,262,000,000","0","0","42.30","","42.10","42.50"
"TRA","43.40","0.20 (0.3 %)","42.00","1,224,250","52,224,000,000","0","0","23.30","","23.20"
"FUESSVFL","23.20","0.02 (0.2 %)","23.40","23.10","179,300","4,168,000,000","0","0","35.00",""
"DHG","34.85","0.10 (0.1 %)","34.85","35.10","34.75","107,520","3,762,000,000","0","0","11.85"
"IBC","","0.00 (0.0 %)","11.80","11.80","11.90","11.80","5,310","63,000,000","0","0"
"HVX","12.40","0.00 (0.0 %)","","12.35","12.50","12.55","12.30","211,890","2,628,000,000","0"
"KHP","0","0.00 (0.0 %)","24.80","","24.70","24.80","24.90","24.70","15,830","392,000,000"
"ITC","0","0.00 (0.0 %)","0","12.60","","12.55","12.55","13.10","12.55","1,040"
"TMP","13,000,000","0.00 (0.0 %)","0","0","13.50","","13.45","13.40","13.50","13.20"
"PXT","32,650","0.00 (0.0 %)","437,000,000","0","0","28.40","","28.30","28.70","28.70"
"VSI","28.30","0.00 (0.0 %)","128,910","3,673,000,000","0","0","29.00","","28.90","28.85"
"QBS","29.30","0.00 (0.0 %)","28.80","427,730","12,438,000,000","1,240,080","34,722,240,000","14.85","","14.80"
"HOT","14.80","0.00 (0.0 %)","15.00","14.80","26,400","393,000,000","0","0","67.00",""
"VTO","66.80","0.00 (0.0 %)","67.70","67.70","66.80","1,630","109,000,000","0","0","11.02"
"TNI","","0.00 (0.0 %)","11.00","11.05","11.05","10.90","147,450","1,617,000,000","0","0"
"TNC","102.60","0.00 (0.0 %)","","102.50","102.50","103.00","102.50","1,700","175,000,000","0"
"TTE","0","0.00 (0.0 %)","22.35","","22.35","22.35","22.35","21.90","73,270","1,612,000,000"
"SC5","300,000","0.00 (0.0 %)","6,240,000,000","3.29","","3.29","3.29","3.29","3.29","0"
"LGC","0","0.00 (0.0 %)","0","0","5.69","","5.69","5.68","5.69","5.66"
"PTC","16,820","0.00 (0.0 %)","95,000,000","0","0","14.40","","14.40","14.40","14.40"
"NLG","14.40","0.00 (0.0 %)","140","2,000,000","0","0","42.00","","42.00","42.00"
"SMC","42.00","0.00 (0.0 %)","42.00","2,190","92,000,000","0","0","1.40","","1.40"
"SRC","1.42","0.00 (0.0 %)","1.42","1.34","7,490","10,000,000","0","0","17.40",""
"ST8","17.40","0.00 (0.0 %)","17.00","17.40","17.00","2,450","42,000,000","0","0","2.10"
"SSC","","0.00 (0.0 %)","2.10","2.10","2.13","2.09","23,830","50,000,000","0","0"
"PGD","27.05","0.00 (0.0 %)","","27.05","27.05","27.05","27.05","0","0","0"
"SGT","0","0.00 (0.0 %)","7.00","","7.00","7.00","7.01","6.99","10,890","76,000,000"
"PNC","0","0.00 (0.0 %)","0","2.99","","2.99","3.01","3.01","2.91","670,930"
"PAC","1,993,000,000","0.00 (0.0 %)","0","0","32.90","","32.90","32.90","32.90","32.90"
"SJD","0","0.00 (0.0 %)","0","0","0","12.50","","12.50","12.50","12.50"
"SVI","12.50","0.00 (0.0 %)","0","0","0","0","18.40","","18.40","18.30"
"LCG","18.40","0.00 (0.0 %)","18.30","25,700","471,000,000","0","0","68.80","","68.80"
"LEC","68.80","0.00 (0.0 %)","68.80","68.80","0","0","0","0","9.20",""
"LAF","9.20","0.00 (0.0 %)","9.20","9.20","9.20","0","0","0","0","28.40"
"KPF","","0.00 (0.0 %)","28.40","28.15","28.45","28.15","667,990","18,915,000,000","400,000","11,333,000,000"
"L10","13.50","0.00 (0.0 %)","","13.50","13.60","13.80","13.25","194,590","2,630,000,000","0"
"SCD","0","0.00 (0.0 %)","16.30","","16.30","16.70","16.70","16.10","70,370","1,148,000,000"
"MDG","0","0.00 (0.0 %)","0","10.05","","10.05","10.05","10.05","10.05","0"
"MCG","0","0.00 (0.0 %)","0","0","49.00","","49.00","49.80","49.80","49.00"
"PSH","60","0.00 (0.0 %)","3,000,000","0","0","26.50","","26.50","26.55","26.55"
"SZL","26.50","0.00 (0.0 %)","8,770","233,000,000","0","0","5.88","","5.88","5.88"
"DTT","5.88","0.00 (0.0 %)","5.88","0","0","0","0","8.70","","8.70"
"CLG","8.70","0.00 (0.0 %)","8.70","8.70","60","1,000,000","0","0","26.50",""
"CIG","26.50","0.00 (0.0 %)","26.50","26.50","26.10","45,260","1,193,000,000","0","0","18.75"
"DTL","","0.00 (0.0 %)","18.75","18.75","18.90","18.60","102,440","1,919,000,000","0","0"
"GTA","76.30","0.00 (0.0 %)","","76.30","76.30","76.30","76.30","300","23,000,000","0"
"CTF","0","0.00 (0.0 %)","11.20","","11.20","11.40","11.60","11.10","2,796,560","31,746,000,000"
"EMC","0","0.00 (0.0 %)","0","14.95","","14.95","14.00","15.25","13.95","460"
"CTI","7,000,000","0.00 (0.0 %)","0","0","9.55","","9.55","9.55","9.55","9.55"
"HAG","0","0.00 (0.0 %)","0","0","0","13.40","","13.40","13.40","13.40"
"BRC","13.40","0.00 (0.0 %)","0","0","0","0","16.45","","16.45","16.45"
"BTP","16.45","0.00 (0.0 %)","16.45","0","0","0","0","25.00","","25.00"
"BMI","25.00","0.00 (0.0 %)","25.00","25.00","610","15,000,000","0","0","11.00",""
"ASG","11.00","0.00 (0.0 %)","11.00","11.00","11.00","30","0","0","0","1.77"
"FUCTVGF1","","0.00 (0.0 %)","1.77","1.77","1.77","1.70","11,060","19,000,000","0","0"
"CAV","18.00","0.00 (0.0 %)","","18.00","17.95","18.00","17.90","120,700","2,165,000,000","0"
"ASP","0","0.00 (0.0 %)","50.30","","50.30","50.50","50.70","49.50","34,690","1,738,000,000"
"FUESSV50","0","0.00 (0.0 %)","0","12.00","","12.00","12.00","12.00","12.00","0"
"DLG","0","0.00 (0.0 %)","0","0","1.14","","1.14","1.14","1.14","1.12"
"DXV","7,740","0.00 (0.0 %)","9,000,000","0","0","1.66","","1.66","1.66","1.66"
"HAR","1.66","0.00 (0.0 %)","630","1,000,000","0","0","6.07","","6.07","6.07"
"BCE","6.07","0.00 (0.0 %)","6.07","0","0","0","0","11.70","","11.70"
"C32","11.70","0.00 (0.0 %)","11.80","11.70","1,020","12,000,000","0","0","20.55",""
"HCD","20.55","0.00 (0.0 %)","20.40","20.55","20.10","209,460","4,271,000,000","0","0","18.85"
"CLW","","0.00 (0.0 %)","18.85","18.85","18.85","18.85","0","0","0","0"
"BHN","12.50","0.00 (0.0 %)","","12.50","12.45","12.65","12.40","180,670","2,255,000,000","0"
"ATG","0","0.00 (0.0 %)","4.53","","4.53","4.54","4.57","4.45","4,067,680","18,348,000,000"
"HAP","15,000,000","0.00 (0.0 %)","68,250,000,000","10.30","","10.30","10.30","10.30","10.30","3,210"
"BTT","33,000,000","-0.05 (-0.1 %)","0","0","13.90","","13.90","13.90","13.90","13.85"
"VIP","10,110","-0.01 (-0.2 %)","140,000,000","0","0","28.70","","28.70","28.70","29.60"
"GAB","28.30","-0.30 (-0.2 %)","444,020","12,727,000,000","0","0","35.80","","35.80","35.20"
"CTG","35.80","-0.05 (-0.2 %)","35.20","26,620","939,000,000","0","0","11.90","","11.90"
"ABT","11.90","-0.05 (-0.2 %)","11.90","11.90","0","0","0","0","69.00",""
"THG","69.00","-0.10 (-0.2 %)","69.00","69.00","69.00","1,170","81,000,000","0","0","5.46"
"DRL","","-0.10 (-0.2 %)","5.46","5.46","5.53","5.46","16,520","91,000,000","0","0"
"HDC","13.80","-0.05 (-0.2 %)","","13.80","13.80","13.90","13.70","60,690","838,000,000","0"
"PHC","0","-0.02 (-0.2 %)","1.32","","1.32","1.32","1.33","1.30","1,636,540","2,143,000,000"
"TMT","0","-0.01 (-0.2 %)","0","3.60","","3.60","3.40","3.60","3.40","360"
"TDC","1,000,000","-0.02 (-0.2 %)","0","0","4.14","","4.14","4.16","4.20","4.11"
"PGC","479,710","-0.05 (-0.2 %)","1,988,000,000","0","0","7.73","","7.73","7.77","7.77"
"CNG","7.70","-0.05 (-0.3 %)","33,250","257,000,000","0","0","25.00","","25.00","25.10"
"VNM","25.20","-0.30 (-0.3 %)","24.70","135,790","3,383,000,000","0","0","2.42","","2.42"
"NSC","2.41","-0.20 (-0.3 %)","2.46","2.40","55,030","133,000,000","0","0","25.50",""
"EIB","25.50","-0.05 (-0.3 %)","25.50","25.50","25.50","0","0","0","0","69.90"
"VPI","","-0.10 (-0.3 %)","69.90","69.90","69.90","69.90","30","2,000,000","0","0"
"HT1","0.61","-0.05 (-0.3 %)","","0.61","0.61","0.61","0.61","0","0","0"
"VIB","0","-0.10 (-0.3 %)","5.10","","5.10","5.17","5.18","5.07","193,690","988,000,000"
"FCM","0","-0.02 (-0.3 %)","0","37.70","","37.75","37.70","37.70","37.70","150"
"FIR","6,000,000","-0.10 (-0.4 %)","0","0","6.55","","6.56","6.59","6.59","6.46"
"TPB","136,840","-0.10 (-0.4 %)","891,000,000","0","0","192.70","","193.00","193.00","195.20"
"TAC","192.60","-0.15 (-0.4 %)","10,220","1,973,000,000","0","0","31.90","","31.95","32.45"
"TV2","32.70","-0.20 (-0.4 %)","31.80","15,774,840","508,578,000,000","0","0","30.75","","30.80"
"VGC","30.80","-0.10 (-0.4 %)","30.80","30.50","530","16,000,000","0","0","54.60",""
"TCB","54.70","-0.10 (-0.4 %)","56.70","56.70","54.60","7,400","405,000,000","0","0","53.00"
"PPC","","-0.10 (-0.4 %)","53.10","53.00","53.00","53.00","3,200","170,000,000","0","0"
"DSN","25.00","-0.20 (-0.4 %)","","25.05","24.95","25.45","24.75","881,970","22,122,000,000","0"
"ABS","0","-0.05 (-0.4 %)","9.96","","9.98","10.05","10.15","9.91","265,700","2,657,000,000"
"AAA","0","-0.05 (-0.4 %)","0","4.92","","4.93","4.90","4.93","4.90","7,090"
"PTL","35,000,000","-0.03 (-0.5 %)","0","0","9.73","","9.75","9.80","9.80","9.73"
"LGL","576,910","-0.02 (-0.5 %)","5,628,000,000","0","0","22.05","","22.10","23.00","23.00"
"DAG","21.20","-0.03 (-0.5 %)","7,440","166,000,000","1,128,510","23,247,306,000","19.35","","19.40","19.35"
"PHR","19.35","-0.30 (-0.5 %)","19.00","37,760","729,000,000","0","0","107.10","","107.40"
"APH","107.50","-0.40 (-0.5 %)","108.70","107.00","2,571,160","277,113,000,000","0","0","69.80",""
"SCS","70.00","-0.60 (-0.5 %)","71.00","71.00","69.70","17,260","1,211,000,000","0","0","17.15"
"PDN","","-0.40 (-0.5 %)","17.20","17.15","17.25","16.95","522,370","8,944,000,000","0","0"
"GDT","33.30","-0.20 (-0.5 %)","","33.40","33.40","33.55","33.10","949,210","31,654,000,000","0"
"PME","0","-0.40 (-0.5 %)","16.45","","16.50","16.50","16.85","16.40","1,264,660","20,967,000,000"
"DCL","0","-0.10 (-0.5 %)","0","32.85","","32.95","33.00","33.05","32.65","866,930"
"KDC","28,497,000,000","-0.20 (-0.6 %)","0","0","5.97","","5.99","5.76","5.99","5.76"
"SSI","4,260","-0.10 (-0.6 %)","25,000,000","0","0","25.05","","25.15","25.20","25.30"
"FUEVN100","25.05","-0.07 (-0.6 %)","90,560","2,278,000,000","0","0","24.20","","24.30","24.50"
"NHH","24.60","-0.30 (-0.6 %)","24.20","1,617,010","39,364,000,000","183,000","4,483,500,000","36.00","","36.15"
"HDG","36.40","-0.15 (-0.6 %)","36.40","36.00","10,340","374,000,000","0","0","46.35",""
"TDP","46.55","-0.20 (-0.6 %)","46.60","46.75","46.30","47,010","2,185,000,000","0","0","23.00"
"HQC","","-0.01 (-0.6 %)","23.10","23.10","23.10","23.00","172,340","3,973,000,000","0","0"
"VRC","22.90","-0.04 (-0.6 %)","","23.00","23.40","23.40","22.80","25,236,270","580,439,000,000","0"
"HTL","0","-0.10 (-0.7 %)","22.90","","23.00","23.20","23.40","22.85","133,900","3,089,000,000"
"HAS","0","-0.05 (-0.7 %)","0","45.80","","46.00","45.50","45.85","45.50","3,650"
"TTA","166,000,000","-0.10 (-0.7 %)","0","0","11.30","","11.35","11.40","11.40","11.10"
"LIX","181,750","-0.40 (-0.7 %)","2,043,000,000","0","0","11.20","","11.25","11.30","11.40"
"TCM","11.20","-0.20 (-0.7 %)","944,880","10,657,000,000","0","0","6.54","","6.57","6.12"
"TLG","6.54","-0.25 (-0.7 %)","6.12","29,140","179,000,000","0","0","4.32","","4.34"
"TSC","4.34","-0.02 (-0.7 %)","4.35","4.32","26,070","113,000,000","0","0","6.47",""
"SKG","6.50","-0.07 (-0.7 %)","6.51","6.57","6.40","266,170","1,726,000,000","0","0","61.10"
"APC","","-0.15 (-0.8 %)","61.40","62.10","62.40","61.00","1,470,050","90,420,000,000","0","0"
"ELC","81.10","-0.05 (-0.8 %)","","81.50","81.30","82.10","80.10","420,030","33,897,000,000","0"
"DHC","0","-0.40 (-0.8 %)","120.00","","120.60","121.00","121.00","119.10","39,550","4,750,000,000"
"FTM","32,700","-0.01 (-0.8 %)","3,924,654,000","76.00","","76.40","76.20","76.20","74.20","310"
"NNC","23,000,000","-0.40 (-0.8 %)","0","0","37.30","","37.50","37.70","37.70","36.55"
"QCG","16,020","-0.05 (-0.9 %)","591,000,000","0","0","74.00","","74.40","73.60","75.10"
"UDC","73.60","-0.05 (-0.9 %)","177,760","13,331,000,000","0","0","18.30","","18.40","18.50"
"DRH","18.50","-0.06 (-0.9 %)","18.30","28,100","517,000,000","0","0","36.15","","36.35"
"ROS","36.35","-0.02 (-0.9 %)","36.90","36.15","392,220","14,337,000,000","0","0","17.70",""
"VCF","17.80","-2.00 (-0.9 %)","18.00","18.10","17.70","6,268,580","112,030,000,000","40,000","714,800,000","12.01"
"MHC","","-0.05 (-0.9 %)","12.08","12.01","12.01","12.01","310","4,000,000","0","0"
"EVE","50.80","-0.10 (-0.9 %)","","51.10","52.00","52.00","49.50","143,410","7,282,000,000","0"
"FPT","0","-0.50 (-0.9 %)","24.95","","25.10","25.30","25.30","24.95","2,410,140","60,430,000,000"
"DMC","0","-0.50 (-0.9 %)","0","32.70","","32.90","32.00","33.00","31.90","382,230"
"JVC","12,489,000,000","-0.04 (-1.0 %)","0","0","1.63","","1.64","1.64","1.65","1.61"
"SAM","5,057,770","-0.10 (-1.0 %)","8,211,000,000","0","0","6.20","","6.24","6.24","6.26"
"BID","6.20","-0.40 (-1.0 %)","96,980","606,000,000","0","0","15.20","","15.30","15.25"
"APG","15.25","-0.10 (-1.0 %)","14.30","4,560","66,000,000","0","0","7.60","","7.65"
"CHP","7.60","-0.20 (-1.0 %)","7.60","7.60","10,000","76,000,000","0","0","15.05",""
"BCM","15.15","-0.40 (-1.0 %)","15.20","15.20","15.00","381,810","5,748,000,000","0","0","57.80"
"ICT","","-0.20 (-1.0 %)","58.20","58.10","58.20","57.20","124,270","7,182,000,000","0","0"
"VFG","28.50","-0.50 (-1.0 %)","","28.70","28.70","28.70","27.95","853,490","24,147,000,000","0"
"AGG","0","-0.30 (-1.0 %)","35.10","","35.35","35.90","35.90","35.00","99,530","3,519,000,000"
"LSS","0","-0.07 (-1.0 %)","0","2.77","","2.79","2.79","2.80","2.75","189,080"
"TDH","524,000,000","-0.08 (-1.0 %)","0","0","9.53","","9.60","9.60","9.62","9.53"
"HHS","171,790","-0.05 (-1.0 %)","1,645,000,000","0","0","19.65","","19.80","19.80","20.20"
"RAL","19.65","-1.40 (-1.1 %)","10,290","205,000,000","0","0","6.50","","6.55","6.55"
"AMD","6.55","-0.03 (-1.1 %)","6.46","72,510","471,000,000","0","0","51.50","","51.90"
"S4A","51.90","-0.30 (-1.1 %)","52.40","51.30","443,290","22,888,000,000","0","0","1.24",""
"IJC","1.25","-0.15 (-1.1 %)","1.25","1.25","1.23","50,980","63,000,000","0","0","49.15"
"NVL","","-0.70 (-1.1 %)","49.55","49.25","49.50","49.00","70,370","3,459,000,000","0","0"
"AST","5.77","-0.60 (-1.2 %)","","5.82","5.82","5.90","5.76","128,760","746,000,000","0"
"SHA","0","-0.05 (-1.2 %)","5.59","","5.64","5.73","5.73","5.35","31,870","173,000,000"
"PXS","0","-0.07 (-1.2 %)","0","6.70","","6.76","6.81","6.86","6.69","265,940"
"FIT","1,796,000,000","-0.10 (-1.2 %)","0","0","2.22","","2.24","2.25","2.27","2.21"
"GEG","3,423,910","-0.20 (-1.2 %)","7,639,000,000","0","0","218.00","","220.00","219.00","220.00"
"KMR","215.00","-0.03 (-1.2 %)","1,990","430,000,000","0","0","5.38","","5.43","5.43"
"GEX","5.43","-0.25 (-1.3 %)","5.37","28,450","154,000,000","0","0","10.70","","10.80"
"MWG","10.70","-1.40 (-1.3 %)","10.80","10.40","3,020","32,000,000","0","0","53.30",""
"VCB","53.80","-1.10 (-1.3 %)","54.00","54.40","53.00","3,713,690","199,859,000,000","40,631","2,336,282,500","52.80"
"VRE","","-0.35 (-1.3 %)","53.30","53.40","53.80","52.70","58,490","3,115,000,000","0","0"
"HVN","4.11","-0.35 (-1.3 %)","","4.15","4.15","4.16","4.10","385,610","1,588,000,000","0"
"CSV","0","-0.35 (-1.3 %)","10.00","","10.10","10.00","10.00","9.95","99,880","997,000,000"
"MBB","1,255,000","-0.25 (-1.3 %)","12,361,500,000","39.90","","40.30","40.35","40.80","39.90","1,939,610"
"DPR","78,088,000,000","-0.60 (-1.3 %)","0","0","9.90","","10.00","10.10","10.20","9.90"
"PLP","802,380","-0.09 (-1.3 %)","8,027,000,000","0","0","19.40","","19.60","19.60","19.60"
"DBC","19.35","-0.55 (-1.3 %)","37,660","731,000,000","0","0","38.60","","39.00","39.00"
"CRC","39.00","-0.20 (-1.3 %)","38.50","14,180","549,000,000","0","0","19.20","","19.40"
"LHG","19.35","-0.35 (-1.3 %)","19.50","19.00","22,600","433,000,000","0","0","48.00",""
"CMG","48.50","-0.45 (-1.3 %)","48.00","48.00","48.00","50","2,000,000","0","0","28.80"
"KSB","","-0.35 (-1.3 %)","29.10","29.00","29.10","28.60","650,470","18,752,000,000","0","0"
"VJC","6.71","-1.50 (-1.3 %)","","6.78","6.73","6.90","6.71","84,060","569,000,000","0"
"PLX","0","-0.65 (-1.3 %)","7.62","","7.70","7.72","7.82","7.62","719,810","5,555,000,000"
"PVT","0","-0.20 (-1.4 %)","0","4.72","","4.77","4.80","4.82","4.70","2,356,100"
"GAS","11,232,000,000","-1.00 (-1.4 %)","0","0","127.60","","129.00","129.00","129.00","127.50"
"FUESSV30","4,410","-0.16 (-1.4 %)","565,000,000","0","0","2.72","","2.75","2.81","2.81"
"TCD","2.71","-0.15 (-1.4 %)","1,232,120","3,372,000,000","0","0","26.50","","26.80","26.90"
"KBC","26.90","-0.20 (-1.4 %)","26.50","400","11,000,000","0","0","13.25","","13.40"
"VOS","13.50","-0.02 (-1.4 %)","13.65","13.20","520,810","6,961,000,000","0","0","61.30",""
"CKG","62.00","-0.15 (-1.4 %)","62.00","62.00","60.90","1,604,250","98,927,000,000","360,000","21,757,500,000","50.70"
"LCM","","-0.01 (-1.4 %)","51.30","51.30","51.30","50.50","175,700","8,909,000,000","0","0"
"VPB","4.15","-0.35 (-1.4 %)","","4.20","4.20","4.20","4.15","21,740","91,000,000","0"
"SGN","0","-1.00 (-1.4 %)","5.68","","5.75","5.75","5.75","5.46","163,250","914,000,000"
"TVT","0","-0.30 (-1.4 %)","0","8.10","","8.20","8.20","8.20","8.05","199,240"
"SJF","1,614,000,000","-0.03 (-1.5 %)","0","0","15.90","","16.10","16.10","16.15","15.60"
"GVR","738,790","-0.25 (-1.5 %)","11,721,000,000","0","0","2.38","","2.41","2.44","2.44"
"DBD","2.35","-0.70 (-1.5 %)","128,730","304,000,000","0","0","19.75","","20.00","20.05"
"BFC","20.40","-0.25 (-1.5 %)","19.75","9,962,450","199,564,000,000","0","0","109.70","","111.10"
"CSM","111.80","-0.25 (-1.5 %)","113.20","108.80","1,692,540","188,270,000,000","0","0","85.80",""
"HTN","86.90","-0.60 (-1.6 %)","87.20","87.80","85.00","1,250,340","108,581,000,000","0","0","26.85"
"SJS","","-0.40 (-1.6 %)","27.20","27.40","27.45","26.70","7,499,050","202,442,000,000","20,168","548,569,600"
"TN1","26.80","-1.00 (-1.6 %)","","27.15","27.40","27.40","26.70","921,370","24,838,000,000","67,000"
"PTB","1,819,050,000","-0.90 (-1.7 %)","26.70","","27.05","27.25","27.35","26.50","426,940","11,432,000,000"
"CRE","0","-0.45 (-1.7 %)","0","19.05","","19.30","19.50","19.60","19.00","20,068,100"
"DPM","389,028,000,000","-0.30 (-1.7 %)","0","0","45.40","","46.00","46.15","46.15","45.40"
"PVD","43,530","-0.20 (-1.7 %)","1,999,000,000","0","0","6.80","","6.89","6.89","6.95"
"HID","6.80","-0.04 (-1.7 %)","474,220","3,266,000,000","0","0","41.45","","42.00","42.20"
"HMC","42.45","-0.25 (-1.7 %)","41.40","1,436,890","59,856,000,000","120,000","4,692,000,000","15.05","","15.25"
"SAB","15.25","-3.20 (-1.7 %)","15.30","15.00","177,850","2,689,000,000","0","0","26.30",""
"VND","26.65","-0.30 (-1.7 %)","27.00","27.00","26.30","253,470","6,715,000,000","0","0","33.80"
"VSH","","-0.35 (-1.7 %)","34.25","34.30","34.60","33.80","56,050","1,906,000,000","0","0"
"HCM","26.05","-0.40 (-1.7 %)","","26.40","26.70","26.70","26.00","1,015,210","26,655,000,000","0"
"SAV","0","-0.30 (-1.8 %)","111.20","","112.70","112.80","113.90","107.90","673,890","75,630,000,000"
"SBV","0","-0.20 (-1.8 %)","0","48.15","","48.80","49.00","49.30","48.15","896,740"
"HAI","43,499,000,000","-0.05 (-1.8 %)","0","0","14.55","","14.75","14.80","14.85","14.50"
"REE","3,852,300","-0.80 (-1.8 %)","56,473,000,000","0","0","72.50","","73.50","73.90","74.00"
"STB","72.50","-0.25 (-1.8 %)","1,255,550","92,120,000,000","0","0","11.42","","11.58","11.58"
"PC1","11.58","-0.45 (-1.8 %)","11.39","720","8,000,000","0","0","10.65","","10.80"
"TDM","11.00","-0.45 (-1.8 %)","11.00","10.10","12,030","123,000,000","0","0","14.15",""
"KDH","14.35","-0.45 (-1.8 %)","14.35","14.50","14.10","910,430","13,013,000,000","1,412,000","20,258,800,000","1.40"
"NAF","","-0.40 (-1.9 %)","1.42","1.40","1.43","1.40","58,540","82,000,000","0","0"
"BMC","10.40","-0.20 (-1.9 %)","","10.55","10.60","10.60","10.40","550,110","5,774,000,000","0"
"VNG","0","-0.30 (-1.9 %)","0.69","","0.70","0.72","0.72","0.69","3,050","2,000,000"
"FMC","145,000","-0.65 (-1.9 %)","95,700,000","24.15","","24.50","24.60","24.90","24.00","9,138,440"
"ACL","224,285,000,000","-0.25 (-1.9 %)","718,000","17,672,600,000","68.50","","69.50","69.50","69.50","68.40"
"DRC","12,510","-0.40 (-1.9 %)","860,000,000","0","0","20.50","","20.80","20.50","20.50"
"SHP","20.50","-0.50 (-2.0 %)","940","19,000,000","0","0","2.03","","2.06","2.00"
"SGR","2.07","-0.35 (-2.0 %)","2.00","390,960","799,000,000","0","0","16.75","","17.00"
"DCM","16.95","-0.25 (-2.0 %)","16.95","16.45","6,529,880","109,046,000,000","0","0","45.00",""
"TCT","45.70","-0.55 (-2.0 %)","45.70","46.00","45.00","42,430","1,925,000,000","0","0","15.95"
"POW","","-0.20 (-2.0 %)","16.20","16.40","16.40","15.90","350,870","5,628,000,000","0","0"
"HTI","15.95","-0.25 (-2.0 %)","","16.20","16.20","16.35","15.95","86,020","1,381,000,000","0"
"GTN","0","-0.50 (-2.0 %)","37.30","","37.90","37.30","38.00","36.90","181,230","6,780,000,000"
"FUEVFVND","0","-0.31 (-2.1 %)","0","24.80","","25.20","25.15","26.00","24.60","140,610"
"OGC","3,488,000,000","-0.16 (-2.1 %)","0","0","59.90","","60.90","60.90","60.90","59.90"
"SFG","2,380","-0.15 (-2.2 %)","144,000,000","0","0","53.60","","54.50","54.50","54.90"
"SBT","53.60","-0.35 (-2.2 %)","287,560","15,510,000,000","0","0","26.50","","26.95","27.10"
"VHM","27.10","-1.70 (-2.2 %)","26.40","881,990","23,510,000,000","0","0","17.50","","17.80"
"FCN","17.80","-0.25 (-2.2 %)","17.85","17.40","3,446,640","60,540,000,000","0","0","11.65",""
"BVH","11.85","-1.20 (-2.2 %)","12.00","12.00","11.60","8,188,280","96,671,000,000","320,000","3,536,000,000","2.33"
"VHC","","-1.00 (-2.2 %)","2.37","2.40","2.40","2.32","18,530","44,000,000","0","0"
"E1VFVN30","14.50","-0.35 (-2.2 %)","","14.75","15.00","15.00","14.50","2,080","30,000,000","0"
"TTF","0","-0.13 (-2.2 %)","181.80","","185.00","186.00","187.00","181.80","203,680","37,588,000,000"
"HBC","22,000","-0.25 (-2.2 %)","3,935,800,000","17.00","","17.30","17.45","17.45","16.70","2,619,290"
"SZC","44,708,000,000","-0.60 (-2.3 %)","120,000","2,040,000,000","19.75","","20.10","19.85","20.00","19.75"
"PNJ","20,750","-1.70 (-2.3 %)","411,000,000","0","0","22.50","","22.90","23.25","23.25"
"VPD","22.50","-0.35 (-2.3 %)","3,074,140","70,103,000,000","0","0","16.80","","17.10","17.20"
"CII","17.30","-0.40 (-2.3 %)","16.70","103,140","1,738,000,000","0","0","11.10","","11.30"
"ITA","11.35","-0.12 (-2.4 %)","11.40","11.10","16,870","189,000,000","0","0","2.74",""
"CDC","2.79","-0.55 (-2.4 %)","2.79","2.82","2.74","2,224,620","6,144,000,000","0","0","43.70"
"DAH","","-0.10 (-2.5 %)","44.50","44.50","44.60","43.70","325,880","14,344,000,000","0","0"
"LPB","13.65","-0.30 (-2.5 %)","","13.90","14.05","14.10","13.65","12,294,300","170,248,000,000","0"
"CCL","0","-0.19 (-2.5 %)","24.50","","24.95","24.95","25.30","24.50","527,570","13,087,000,000"
"VNL","0","-0.40 (-2.5 %)","0","24.50","","24.95","25.10","25.70","23.25","1,031,970"
"NVT","25,743,000,000","-0.12 (-2.5 %)","95,000","2,208,750,000","24.30","","24.75","24.80","24.85","24.20"
"HDB","2,381,080","-0.65 (-2.5 %)","58,489,000,000","230,000","5,623,500,000","21.00","","21.40","21.40","21.60"
"TTB","21.00","-0.11 (-2.5 %)","33,140","705,000,000","250,000","5,375,000,000","10.20","","10.40","10.35"
"STK","10.35","-0.50 (-2.6 %)","10.20","8,480","87,000,000","0","0","15.15","","15.45"
"DGC","15.45","-1.20 (-2.6 %)","15.45","15.00","179,070","2,713,000,000","0","0","32.80",""
"LDG","33.45","-0.19 (-2.8 %)","33.45","33.70","32.80","293,840","9,740,000,000","0","0","12.60"
"GIL","",