"ATB","0.70","0.10 (16.7 %)","0.60","0.60","0.70","0.60","200","130.000","0","0"
"BDW","9.20","1.20 (15.0 %)","8.00","9.20","9.20","9.20","100","920.000","0","0"
"LMC","17.70","2.30 (14.9 %)","15.40","17.70","17.70","17.70","1.000","17.700.000","0","0"
"DTP","43.30","5.60 (14.9 %)","37.70","40.00","43.30","40.00","7.900","341.710.000","0","0"
"DTC","12.50","1.60 (14.7 %)","10.90","12.50","12.50","12.50","400","5.000.000","0","0"
"DKC","19.80","2.50 (14.5 %)","17.30","19.80","19.80","19.80","100","1.980.000","0","0"
"VGV","9.60","1.20 (14.3 %)","8.40","9.60","9.60","9.60","6.000","57.600.000","0","0"
"LKW","30.40","3.80 (14.3 %)","26.60","24.20","30.40","24.20","800","20.600.000","0","0"
"PDT","9.70","0.53 (6.3 %)","8.50","9.70","9.70","9.70","300","2.910.000","0","0"
"HTE","7.30","0.90 (14.1 %)","6.40","6.00","7.30","6.00","52.050","374.525.000","0","0"
"SKN","5.70","0.70 (14.0 %)","5.00","5.70","5.70","5.00","2.100","11.900.000","0","0"
"DCF","10.60","1.30 (14.0 %)","9.30","10.60","10.60","10.60","100","1.060.000","0","0"
"VGG","47.90","1.82 (4.3 %)","42.20","43.00","48.00","43.00","136.726","6.375.911.700","0","0"
"PND","5.90","0.70 (13.5 %)","5.20","5.90","5.90","5.90","100","590.000","0","0"
"DC1","10.40","1.20 (13.0 %)","9.20","10.40","10.40","10.40","100","1.040.000","0","0"
"SRT","3.50","0.40 (12.9 %)","3.10","3.50","3.50","3.40","16.000","55.370.000","0","0"
"HNI","36.00","4.00 (12.5 %)","32.00","36.80","36.80","36.00","300","10.880.000","0","0"
"PVV","0.90","0.10 (12.5 %)","0.80","0.90","0.90","0.90","200","180.000","0","0"
"TTG","3.60","0.40 (12.5 %)","3.20","3.60","3.60","3.60","1.400","5.040.000","0","0"
"TUG","11.90","1.30 (12.3 %)","10.60","11.90","11.90","11.90","100","1.190.000","0","0"
"VNP","8.30","0.90 (12.2 %)","7.40","7.50","8.50","7.50","442.080","3.645.667.000","0","0"
"TLP","9.50","1.00 (11.8 %)","8.50","9.50","9.70","9.50","5.100","48.850.000","0","0"
"PCN","1.90","0.20 (11.8 %)","1.70","1.90","1.90","1.90","2.000","3.800.000","0","0"
"PTV","3.90","0.40 (11.4 %)","3.50","3.90","3.90","3.90","100","390.000","0","0"
"SRB","1.00","0.10 (11.1 %)","0.90","1.00","1.00","1.00","130","130.000","0","0"
"BHK","12.20","1.20 (10.9 %)","11.00","12.20","12.20","12.20","200","2.440.000","0","0"
"KGM","8.30","0.80 (10.7 %)","7.50","8.30","8.30","8.30","100","830.000","0","0"
"VIW","7.50","0.70 (10.3 %)","6.80","6.00","7.50","6.00","5.800","42.750.000","0","0"
"VNA","4.30","0.40 (10.3 %)","3.90","3.90","4.40","3.80","380.620","1.569.333.000","0","0"
"LIC","5.50","0.50 (10.0 %)","5.00","5.50","5.50","5.50","100","550.000","0","0"
"HD2","6.60","0.60 (10.0 %)","6.00","6.60","6.90","6.40","77.873","514.761.800","0","0"
"VTA","5.80","0.50 (9.4 %)","5.30","5.80","5.80","5.80","611","3.438.400","0","0"
"THU","7.00","0.60 (9.4 %)","6.40","6.90","7.00","6.90","800","5.570.000","0","0"
"VMG","3.70","0.30 (8.8 %)","3.40","3.70","3.70","3.70","4.900","18.130.000","0","0"
"SID","14.20","1.10 (8.4 %)","13.10","13.10","14.80","13.10","700","9.450.000","0","0"
"HNP","18.90","1.40 (8.0 %)","17.50","18.90","18.90","18.90","2.030","38.280.000","0","0"
"ITS","4.10","0.30 (7.9 %)","3.80","3.90","4.10","3.90","1.100","4.310.000","0","0"
"UDJ","9.70","0.70 (7.8 %)","9.00","9.20","9.80","9.20","50.360","475.527.000","0","0"
"TOT","5.90","0.40 (7.3 %)","5.50","4.80","5.90","4.70","6.300","30.310.000","0","0"
"SBS","1.50","0.10 (7.1 %)","1.40","1.40","1.50","1.40","802.508","1.166.742.200","0","0"
"PSP","7.50","0.50 (7.1 %)","7.00","7.00","7.50","7.00","34.000","253.800.000","0","0"
"NSG","10.50","0.70 (7.1 %)","9.80","10.40","10.50","10.40","800","8.380.000","0","0"
"VTR","39.00","2.40 (6.6 %)","36.60","37.20","40.00","37.20","113.241","4.391.201.000","0","0"
"MVC","9.00","-0.22 (-2.6 %)","8.50","9.00","9.00","9.00","500","4.500.000","0","0"
"MGG","40.80","2.20 (5.7 %)","38.60","33.80","40.80","33.80","600","23.780.000","0","0"
"SCL","7.50","0.40 (5.6 %)","7.10","7.30","7.50","7.30","19.300","141.490.000","0","0"
"DVN","17.00","0.90 (5.6 %)","16.10","17.10","17.70","16.70","677.474","11.544.107.500","0","0"
"TTD","55.90","2.90 (5.5 %)","53.00","53.90","55.90","53.90","400","21.760.000","0","0"
"CBI","6.20","0.30 (5.1 %)","5.90","6.20","6.20","6.20","100","620.000","0","0"
"PVM","18.80","0.90 (5.0 %)","17.90","18.40","19.00","17.90","102.000","1.886.400.000","0","0"
"PFL","2.10","0.10 (5.0 %)","2.00","2.00","2.10","2.00","221.410","442.863.000","0","0"
"TRS","42.00","2.00 (5.0 %)","40.00","42.00","42.00","42.00","500","21.000.000","0","0"
"HIG","10.70","0.50 (4.9 %)","10.20","10.70","11.10","10.50","56.700","606.480.000","0","0"
"SKV","21.90","1.00 (4.8 %)","20.90","20.90","21.90","20.90","1.600","33.840.000","0","0"
"BDG","42.20","-1.60 (-4.0 %)","40.30","41.50","42.50","41.30","21.600","910.510.000","0","0"
"CNN","18.20","0.80 (4.6 %)","17.40","18.20","18.20","18.20","100","1.820.000","0","0"
"VLB","34.90","1.50 (4.5 %)","33.40","32.50","34.90","32.50","1.200","41.400.000","0","0"
"CMT","7.00","0.30 (4.5 %)","6.70","7.00","7.00","7.00","3.010","21.075.000","0","0"
"NAB","14.20","0.60 (4.4 %)","13.60","13.80","14.30","13.60","212.823","2.963.779.300","0","0"
"C4G","9.80","0.40 (4.3 %)","9.40","9.60","10.10","9.60","2.515.126","24.651.919.600","0","0"
"SCJ","2.50","0.10 (4.2 %)","2.40","2.50","2.50","2.50","2.210","5.525.000","0","0"
"QNS","37.50","1.50 (4.2 %)","36.00","36.40","37.60","36.10","798.650","29.538.346.000","0","0"
"HND","19.30","0.70 (3.8 %)","18.60","18.70","19.50","18.70","355.297","6.831.349.100","0","0"
"SBL","11.30","0.40 (3.7 %)","10.90","11.00","11.40","11.00","18.630","210.180.000","0","0"
"TID","16.50","0.50 (3.1 %)","16.00","16.50","16.50","16.50","200","3.300.000","0","0"
"ANT","10.00","0.30 (3.1 %)","9.70","10.00","10.00","10.00","900","9.000.000","0","0"
"M10","16.70","0.50 (3.1 %)","16.20","16.50","16.80","16.40","9.308","155.078.000","0","0"
"CTR","58.70","1.70 (3.0 %)","57.00","58.00","59.00","57.50","806.023","47.040.544.200","0","0"
"PSB","10.50","0.30 (2.9 %)","10.20","11.50","11.60","10.50","78.427","902.526.500","0","0"
"LLM","17.50","0.50 (2.9 %)","17.00","17.00","19.50","17.00","7.100","123.460.000","0","0"
"DPH","24.60","0.70 (2.9 %)","23.90","24.00","24.60","24.00","300","7.260.000","0","0"
"BLI","7.90","0.20 (2.6 %)","7.70","7.70","8.00","7.70","3.500","27.630.000","0","0"
"APF","38.00","0.90 (2.4 %)","37.10","37.20","38.00","37.20","700","26.360.000","0","0"
"ICN","60.50","1.40 (2.4 %)","59.10","59.20","62.00","59.20","1.919","118.065.700","0","0"
"VAV","44.80","1.00 (2.3 %)","43.80","44.80","44.80","44.80","2.000","89.600.000","0","0"
"FOX","58.30","1.30 (2.3 %)","57.00","57.90","58.70","57.50","14.354","834.711.200","0","0"
"MIC","4.70","0.10 (2.2 %)","4.60","4.70","4.70","4.70","3.120","14.664.000","0","0"
"POS","14.70","0.30 (2.1 %)","14.40","14.70","15.20","14.70","69.700","1.039.080.000","0","0"
"PVP","10.00","0.20 (2.0 %)","9.80","10.80","10.80","9.60","43.050","428.807.300","0","0"
"ABI","36.00","0.70 (2.0 %)","35.30","35.70","36.00","35.30","30.660","1.092.960.000","0","0"
"DWS","10.30","0.20 (2.0 %)","10.10","10.30","10.30","10.30","100","1.030.000","0","0"
"ORS","10.30","0.20 (2.0 %)","10.10","10.10","10.30","10.00","90.710","920.751.000","0","0"
"VTD","10.40","0.20 (2.0 %)","10.20","10.30","10.60","10.30","165.232","1.720.640.800","0","0"
"XPH","5.90","0.10 (1.7 %)","5.80","5.80","6.00","5.80","3.700","21.800.000","0","0"
"PSL","24.60","0.40 (1.7 %)","24.20","24.60","24.60","24.50","10.500","258.280.000","0","0"
"VFS","6.60","0.10 (1.5 %)","6.50","6.50","6.60","6.40","20.500","133.100.000","0","0"
"SAS","27.80","0.40 (1.5 %)","27.40","27.40","27.80","27.40","2.300","63.530.000","0","0"
"KLB","13.90","0.20 (1.5 %)","13.70","13.50","15.70","13.50","109.364","1.506.403.200","1.600.000","25.120.000.000"
"CEN","7.00","0.10 (1.4 %)","6.90","7.20","7.20","7.00","522","3.676.200","0","0"
"DNW","21.40","0.30 (1.4 %)","21.10","21.30","21.40","18.00","1.100","23.450.000","5.100","91.800.000"
"PGV","15.50","0.20 (1.3 %)","15.30","15.70","15.70","15.10","34.300","526.770.000","0","0"
"DRI","7.80","0.10 (1.3 %)","7.70","7.60","7.90","7.30","1.049.979","8.010.227.200","0","0"
"BSR","7.80","0.10 (1.3 %)","7.70","7.80","8.80","6.60","8.878.659","68.933.277.900","290.000","2.442.000.000"
"DSP","8.60","0.10 (1.2 %)","8.50","8.60","8.60","8.60","500","4.300.000","0","0"
"VEC","8.70","0.10 (1.2 %)","8.60","8.70","8.70","8.60","57.200","496.930.000","0","0"
"SPD","8.90","0.10 (1.1 %)","8.80","8.80","8.90","8.80","2.735","24.063.000","0","0"
"EVF","8.90","0.10 (1.1 %)","8.80","8.80","9.10","8.60","183.616","1.620.348.300","0","0"
"HGW","9.60","0.10 (1.1 %)","9.50","9.60","9.60","9.60","100","960.000","0","0"
"SBD","9.60","0.10 (1.1 %)","9.50","9.60","9.60","9.60","1.000","9.600.000","0","0"
"MPC","29.20","0.30 (1.0 %)","28.90","28.90","29.30","28.80","125.750","3.653.083.000","0","0"
"THP","10.00","0.10 (1.0 %)","9.90","9.90","10.00","9.90","1.500","14.900.000","0","0"
"VCA","10.60","0.10 (1.0 %)","10.50","10.60","10.60","10.50","2.400","25.430.000","0","0"
"QTP","10.80","0.10 (0.9 %)","10.70","11.00","11.00","10.70","84.100","908.020.000","0","0"
"HTM","10.80","0.10 (0.9 %)","10.70","10.70","10.80","10.60","14.800","157.280.000","0","0"
"TDS","12.10","0.10 (0.8 %)","12.00","12.20","12.20","12.00","2.450","29.470.000","0","0"
"GND","25.20","0.20 (0.8 %)","25.00","25.30","25.30","23.00","300","7.550.000","71.550","1.645.650.000"
"BSA","13.00","0.10 (0.8 %)","12.90","12.90","13.10","12.90","21.079","274.457.500","0","0"
"STH","13.70","0.10 (0.7 %)","13.60","13.60","13.70","13.60","38.900","532.320.000","0","0"
"CSI","14.00","0.10 (0.7 %)","13.90","14.00","14.10","14.00","1.100","15.450.000","0","0"
"HDM","14.10","0.10 (0.7 %)","14.00","14.10","14.10","14.10","200","2.820.000","0","0"
"AGP","14.60","0.10 (0.7 %)","14.50","14.50","14.60","14.40","7.100","102.770.000","0","0"
"HTG","17.70","0.10 (0.6 %)","17.60","17.70","17.70","17.70","4.010","70.976.000","60","900.000"
"VCP","48.80","0.20 (0.4 %)","48.60","48.70","49.20","48.30","73.527","3.586.794.100","0","0"
"ACV","73.30","0.30 (0.4 %)","73.00","73.00","73.50","72.90","188.836","13.811.390.800","0","0"
"VEA","51.10","0.20 (0.4 %)","50.90","50.90","51.10","50.70","259.252","13.198.528.400","0","0"
"TCW","26.20","0.10 (0.4 %)","26.10","26.10","26.20","25.80","36.386","948.205.400","0","0"
"NAS","28.00","0.10 (0.4 %)","27.90","28.00","28.00","28.00","257","7.190.300","0","0"
"NHT","36.50","0.10 (0.3 %)","36.40","36.40","36.80","36.40","11.200","409.130.000","0","0"
"WSB","43.80","0.10 (0.2 %)","43.70","44.00","44.00","43.30","6.700","291.380.000","0","0"
"MML","47.60","0.10 (0.2 %)","47.50","47.50","47.90","40.40","19.769","941.368.300","1.200","48.480.000"
"BOT","52.70","0.10 (0.2 %)","52.60","52.40","52.70","50.00","19.200","1.008.190.000","20.000","1.000.000.000"
"MCH","93.80","0.10 (0.1 %)","93.70","93.70","94.00","93.50","47.906","4.498.643.500","0","0"
"PX1","10.00","0.00 (0.0 %)","10.00","10.00","10.00","10.00","0","0","0","0"
"MQB","9.70","0.00 (0.0 %)","9.70","9.70","9.70","9.70","0","0","0","0"
"MPY","7.40","0.00 (0.0 %)","7.40","7.40","7.40","7.40","0","0","0","0"
"PXA","1.80","0.00 (0.0 %)","1.80","1.80","1.80","1.80","0","0","0","0"
"MRF","25.30","0.00 (0.0 %)","25.30","25.30","25.30","25.30","1","25.300","0","0"
"PVY","1.80","0.00 (0.0 %)","1.80","1.80","1.80","1.80","0","0","0","0"
"MQN","36.80","0.00 (0.0 %)","36.80","36.80","36.80","31.30","14.616","534.763.900","1.400","43.820.000"
"PWS","12.00","0.00 (0.0 %)","12.00","12.00","12.00","12.00","0","0","0","0"
"PXC","0.40","0.00 (0.0 %)","0.40","0.40","0.40","0.40","0","0","0","0"
"QBR","10.10","0.00 (0.0 %)","10.10","10.10","10.10","10.10","0","0","0","0"
"MLC","7.30","0.00 (0.0 %)","7.30","7.30","7.30","7.30","0","0","0","0"
"QLD","4.70","0.00 (0.0 %)","4.70","4.70","4.70","4.70","0","0","0","0"
"QCC","9.00","0.00 (0.0 %)","9.00","9.00","9.00","9.00","0","0","0","0"
"MNB","30.50","0.00 (0.0 %)","30.50","30.50","30.50","30.50","0","0","0","0"
"MND","10.00","0.00 (0.0 %)","10.00","10.00","10.00","10.00","1.000","10.000.000","0","0"
"PYU","17.10","0.00 (0.0 %)","17.10","17.10","17.10","17.10","0","0","0","0"
"PXM","0.20","0.00 (0.0 %)","0.20","0.20","0.20","0.20","0","0","0","0"
"PVX","1.40","0.00 (0.0 %)","1.40","1.40","1.40","1.40","0","0","0","0"
"PVA","0.30","0.00 (0.0 %)","0.30","0.30","0.30","0.30","0","0","0","0"
"PTX","0.20","0.00 (0.0 %)","0.20","0.20","0.20","0.20","0","0","0","0"
"MVN","10.20","0.00 (0.0 %)","10.20","10.20","10.20","10.20","0","0","0","0"
"PVE","1.60","0.00 (0.0 %)","1.60","1.60","1.60","1.60","0","0","0","0"
"NAU","9.70","0.00 (0.0 %)","9.70","9.70","9.70","9.70","0","0","0","0"
"PTT","4.30","0.00 (0.0 %)","4.30","4.30","4.30","4.30","0","0","0","0"
"MVY","23.30","0.00 (0.0 %)","23.30","23.30","23.30","23.30","0","0","0","0"
"NAC","2.60","0.00 (0.0 %)","2.60","2.60","2.60","2.60","0","0","0","0"
"MTV","13.60","0.00 (0.0 %)","13.60","13.60","13.60","13.60","0","0","0","0"
"MTG","2.40","0.00 (0.0 %)","2.40","2.40","2.40","2.40","0","0","0","0"
"MTH","16.60","0.00 (0.0 %)","16.60","16.60","16.60","16.60","0","0","0","0"
"MTC","9.50","0.00 (0.0 %)","9.50","9.50","9.50","9.50","0","0","0","0"
"PVR","1.40","0.00 (0.0 %)","1.40","1.40","1.40","1.40","0","0","0","0"
"PVH","1.10","0.00 (0.0 %)","1.10","1.10","1.10","1.10","0","0","0","0"
"MTS","14.40","0.00 (0.0 %)","14.40","14.40","14.40","14.40","0","0","0","0"
"MTM","2.60","0.00 (0.0 %)","2.60","2.60","2.60","2.60","0","0","0","0"
"MTP","10.20","0.00 (0.0 %)","10.20","10.20","10.20","10.20","0","0","0","0"
"QLT","9.10","0.00 (0.0 %)","9.10","9.10","9.10","9.10","0","0","0","0"
"S12","0.30","0.00 (0.0 %)","0.30","0.30","0.30","0.30","0","0","0","0"
"MDT","7.50","0.00 (0.0 %)","7.50","7.50","7.50","7.50","0","0","0","0"
"S27","5.40","0.00 (0.0 %)","5.40","5.40","5.40","5.40","0","0","0","0"
"MDN","13.00","0.00 (0.0 %)","13.00","13.00","13.00","13.00","0","0","0","0"
"RTH","6.10","0.00 (0.0 %)","6.10","6.10","6.10","6.10","0","0","0","0"
"RTB","11.50","0.00 (0.0 %)","11.50","11.50","11.50","11.50","0","0","0","0"
"MEC","2.10","0.00 (0.0 %)","2.10","2.10","2.10","2.10","0","0","0","0"
"RTS","13.30","0.00 (0.0 %)","13.30","13.30","13.30","13.30","10","152.000","0","0"
"MDF","5.00","0.00 (0.0 %)","5.00","5.00","5.00","5.00","0","0","0","0"
"SAL","8.20","0.00 (0.0 %)","8.20","8.20","8.20","8.20","0","0","0","0"
"MCT","7.30","0.00 (0.0 %)","7.30","7.30","7.30","7.30","0","0","0","0"
"PBK","10.90","0.00 (0.0 %)","10.90","10.90","10.90","10.90","0","0","0","0"
"MCI","5.60","0.00 (0.0 %)","5.60","5.60","5.60","5.60","0","0","0","0"
"S96","0.40","0.00 (0.0 %)","0.40","0.40","0.40","0.40","0","0","0","0"
"S72","3.50","0.00 (0.0 %)","3.50","3.50","3.50","3.50","0","0","0","0"
"SAC","9.10","0.00 (0.0 %)","9.10","9.10","9.20","9.10","6.200","56.720.000","0","0"
"MDA","9.00","0.00 (0.0 %)","9.00","9.00","9.00","9.00","0","0","0","0"
"RLC","10.00","0.00 (0.0 %)","10.00","10.00","10.00","10.00","0","0","0","0"
"QNW","8.60","0.00 (0.0 %)","8.60","8.60","8.60","8.60","0","0","0","0"
"QNU","17.70","0.00 (0.0 %)","17.70","17.70","17.70","17.70","0","0","0","0"
"MGC","5.60","0.00 (0.0 %)","5.60","5.60","5.60","5.60","0","0","0","0"
"QPH","20.00","0.00 (0.0 %)","20.00","20.00","20.00","20.00","5.000","100.000.000","0","0"
"MIE","10.10","0.00 (0.0 %)","10.10","10.10","10.10","10.10","0","0","0","0"
"MKP","41.30","0.00 (0.0 %)","41.30","41.30","41.30","41.30","0","0","0","0"
"MHY","18.80","0.00 (0.0 %)","18.80","18.80","18.80","18.80","0","0","0","0"
"QNT","11.10","0.00 (0.0 %)","11.10","11.10","11.10","11.10","0","0","0","0"
"MES","10.00","0.00 (0.0 %)","10.00","10.00","10.00","10.00","0","0","0","0"
"RCD","6.70","0.00 (0.0 %)","6.70","6.70","6.70","6.70","0","0","0","0"
"MEF","1.60","0.00 (0.0 %)","1.60","1.60","1.60","1.60","0","0","0","0"
"RHN","9.20","0.00 (0.0 %)","9.20","9.20","9.20","9.20","0","0","0","0"
"RGC","2.90","0.00 (0.0 %)","2.90","2.90","2.90","2.90","0","0","0","0"
"RAT","13.20","0.00 (0.0 %)","13.20","13.20","13.20","13.20","0","0","0","0"
"MEG","17.00","0.00 (0.0 %)","17.00","17.00","17.00","17.00","0","0","0","0"
"RCC","25.40","0.00 (0.0 %)","25.40","25.40","25.40","25.40","0","0","0","0"
"RBC","14.60","0.00 (0.0 %)","14.60","14.60","14.60","14.60","0","0","0","0"
"NQT","8.70","0.00 (0.0 %)","8.70","8.70","8.70","8.70","0","0","0","0"
"PHH","9.20","0.00 (0.0 %)","9.20","9.20","9.20","9.20","0","0","0","0"
"NQB","26.90","0.00 (0.0 %)","26.90","26.90","26.90","26.90","0","0","0","0"
"NQN","31.60","0.00 (0.0 %)","31.60","31.60","31.60","31.60","0","0","0","0"
"PEQ","34.00","0.00 (0.0 %)","34.00","34.00","34.00","34.00","0","0","0","0"
"PEG","6.00","0.00 (0.0 %)","6.00","6.00","6.00","6.00","0","0","0","0"
"NS2","10.00","0.00 (0.0 %)","10.00","10.00","10.00","10.00","0","0","0","0"
"NS3","19.00","0.00 (0.0 %)","19.00","19.00","19.00","19.00","0","0","0","0"
"NOS","0.30","0.00 (0.0 %)","0.30","0.30","0.30","0.30","0","0","0","0"
"NNG","9.80","0.00 (0.0 %)","9.80","9.80","9.80","9.80","0","0","0","0"
"PIV","0.40","0.00 (0.0 %)","0.40","0.40","0.40","0.40","0","0","0","0"
"NNB","9.90","0.00 (0.0 %)","9.90","9.90","9.90","9.90","0","0","0","0"
"PJS","8.50","0.00 (0.0 %)","8.50","8.50","8.50","8.50","0","0","0","0"
"PIS","21.00","0.00 (0.0 %)","21.00","21.00","21.00","21.00","0","0","0","0"
"PID","6.30","0.00 (0.0 %)","6.30","6.30","6.30","6.30","0","0","0","0"
"NNQ","7.30","0.00 (0.0 %)","7.30","7.30","7.30","7.30","0","0","0","0"
"NNT","24.80","0.00 (0.0 %)","24.80","24.80","24.80","24.80","0","0","0","0"
"PEC","7.00","0.00 (0.0 %)","7.00","7.00","7.00","7.00","0","0","0","0"
"NTT","5.50","0.00 (0.0 %)","5.50","5.50","5.50","5.50","0","0","0","0"
"NTW","19.00","0.00 (0.0 %)","19.00","18.10","19.00","18.10","1.800","33.920.000","0","0"
"PBC","11.80","0.00 (0.0 %)","11.80","11.80","11.80","11.80","0","0","0","0"
"PAI","9.50","0.00 (0.0 %)","9.50","9.50","9.50","9.50","0","0","0","0"
"ONW","14.30","0.00 (0.0 %)","14.30","14.30","14.30","14.30","0","0","0","0"
"OIL","8.70","0.00 (0.0 %)","8.70","8.70","10.00","8.60","330.972","2.859.956.400","60.000","600.000.000"
"NVP","6.30","0.00 (0.0 %)","6.30","6.30","6.30","6.30","0","0","0","0"
"NWT","5.60","0.00 (0.0 %)","5.60","5.60","5.60","5.60","0","0","0","0"
"NTR","4.80","0.00 (0.0 %)","4.80","4.80","4.80","4.80","0","0","0","0"
"NSS","16.20","-4.00 (-24.7 %)","16.20","16.20","16.20","16.20","0","0","0","0"
"NTB","0.20","0.00 (0.0 %)","0.20","0.20","0.20","0.20","0","0","0","0"
"PDV","5.80","0.00 (0.0 %)","5.80","5.80","5.80","5.80","0","0","0","0"
"NSL","9.00","0.00 (0.0 %)","9.00","9.00","9.00","9.00","0","0","0","0"
"PBT","7.40","0.00 (0.0 %)","7.40","7.40","7.40","7.40","0","0","0","0"
"NTF","25.00","0.00 (0.0 %)","25.00","25.00","25.00","25.00","0","0","0","0"
"PCF","5.10","0.00 (0.0 %)","5.10","5.10","5.10","5.10","0","0","0","0"
"PCC","15.50","-0.98 (-6.3 %)","15.50","15.50","15.50","15.50","0","0","0","0"
"PKR","2.50","0.00 (0.0 %)","2.50","2.50","2.50","2.50","0","0","0","0"
"NCP","10.00","0.00 (0.0 %)","10.00","10.00","10.00","10.00","0","0","0","0"
"PRO","3.70","0.00 (0.0 %)","3.70","3.70","3.70","3.70","0","0","0","0"
"PSG","0.40","0.00 (0.0 %)","0.40","0.40","0.40","0.40","0","0","0","0"
"NBT","13.00","0.00 (0.0 %)","13.00","13.00","13.00","13.00","0","0","0","0"
"ND2","28.50","-1.01 (-3.5 %)","28.50","28.50","28.50","28.50","0","0","0","0"
"PPI","0.50","0.00 (0.0 %)","0.50","0.50","0.50","0.50","0","0","0","0"
"PQN","4.00","0.00 (0.0 %)","4.00","4.00","4.00","4.00","0","0","0","0"
"NCS","18.00","0.00 (0.0 %)","18.00","18.00","18.00","18.00","0","0","0","0"
"NBR","9.00","0.00 (0.0 %)","9.00","9.00","9.00","9.00","0","0","0","0"
"PTK","1.70","0.00 (0.0 %)","1.70","1.70","1.70","1.70","0","0","0","0"
"PTH","11.10","0.00 (0.0 %)","11.10","11.10","11.10","11.10","0","0","0","0"
"PTP","10.80","0.00 (0.0 %)","10.80","10.80","10.80","10.80","0","0","0","0"
"PTO","1.20","0.00 (0.0 %)","1.20","1.20","1.20","1.20","0","0","0","0"
"NBE","7.60","0.00 (0.0 %)","7.60","7.60","7.60","7.60","0","0","0","0"
"PSN","10.00","0.00 (0.0 %)","10.00","10.00","10.00","10.00","0","0","0","0"
"PTG","0.10","0.00 (0.0 %)","0.10","0.10","0.10","0.10","0","0","0","0"
"PTE","2.60","0.00 (0.0 %)","2.60","2.60","2.60","2.60","0","0","0","0"
"NDC","36.60","0.00 (0.0 %)","36.60","36.60","36.60","36.60","0","0","0","0"
"PMT","4.20","0.00 (0.0 %)","4.20","4.20","4.20","4.20","0","0","0","0"
"PMJ","18.40","0.00 (0.0 %)","18.40","18.40","18.40","18.40","0","0","0","0"
"NHV","25.10","0.00 (0.0 %)","25.10","25.10","25.10","25.10","0","0","0","0"
"PMW","27.30","0.00 (0.0 %)","27.30","27.30","27.30","27.30","100","2.730.000","0","0"
"NLS","6.80","0.00 (0.0 %)","6.80","6.80","6.80","6.80","0","0","0","0"
"NMK","6.10","0.00 (0.0 %)","6.10","6.10","6.10","6.10","75","416.800","0","0"
"PLO","3.00","0.00 (0.0 %)","3.00","3.00","3.00","3.00","0","0","0","0"
"PLA","3.20","0.00 (0.0 %)","3.20","3.20","3.20","3.20","0","0","0","0"
"NDW","9.40","0.00 (0.0 %)","9.40","9.40","9.40","9.40","0","0","0","0"
"POB","17.40","0.00 (0.0 %)","17.40","17.40","17.40","17.40","0","0","0","0"
"PNT","6.00","0.00 (0.0 %)","6.00","6.00","6.00","6.00","0","0","0","0"
"POV","6.10","0.00 (0.0 %)","6.10","6.10","6.10","6.10","300","1.830.000","0","0"
"NDF","0.50","0.00 (0.0 %)","0.50","0.50","0.50","0.50","0","0","0","0"
"PNG","11.70","0.00 (0.0 %)","11.70","11.70","11.70","11.70","0","0","0","0"
"NDT","4.60","0.00 (0.0 %)","4.60","4.60","4.60","4.60","2.000","9.200.000","0","0"
"PNP","11.70","0.00 (0.0 %)","11.70","11.70","11.70","11.70","0","0","0","0"
"NDP","29.90","0.00 (0.0 %)","29.90","29.90","29.90","29.90","0","0","0","0"
"V11","0.30","0.00 (0.0 %)","0.30","0.30","0.30","0.30","0","0","0","0"
"USD","10.50","0.00 (0.0 %)","10.50","10.50","10.50","10.50","0","0","0","0"
"V15","0.30","0.00 (0.0 %)","0.30","0.30","0.30","0.30","0","0","0","0"
"VBG","9.00","0.00 (0.0 %)","9.00","9.00","9.00","9.00","0","0","0","0"
"VBB","11.50","0.00 (0.0 %)","11.50","11.50","11.50","11.50","2.800","32.200.000","0","0"
"USC","5.60","0.00 (0.0 %)","5.60","5.60","5.60","5.60","0","0","0","0"
"UEM","34.10","0.00 (0.0 %)","34.10","34.10","34.10","34.10","0","0","0","0"
"UDL","9.00","0.00 (0.0 %)","9.00","9.00","9.00","9.00","0","0","0","0"
"UMC","12.00","0.00 (0.0 %)","12.00","12.00","12.00","12.00","0","0","0","0"
"UPH","11.00","0.00 (0.0 %)","11.00","11.00","11.00","11.00","0","0","0","0"
"UPC","16.50","0.00 (0.0 %)","16.50","16.50","16.50","16.50","0","0","0","0"
"VBH","30.00","0.00 (0.0 %)","30.00","30.00","30.00","30.00","0","0","0","0"
"VDT","22.60","0.00 (0.0 %)","22.60","22.60","22.60","22.60","0","0","0","0"
"VDN","11.70","0.00 (0.0 %)","11.70","11.70","11.70","11.70","0","0","0","0"
"VES","1.70","0.00 (0.0 %)","1.70","1.70","1.70","1.70","0","0","0","0"
"VGL","32.40","0.00 (0.0 %)","32.40","32.40","32.40","32.40","0","0","0","0"
"VET","50.10","0.00 (0.0 %)","50.10","50.10","50.10","50.10","0","0","0","0"
"VDM","10.80","0.00 (0.0 %)","10.80","10.80","10.80","10.80","0","0","0","0"
"VCE","8.00","0.00 (0.0 %)","8.00","8.00","8.00","8.00","0","0","0","0"
"VC5","0.90","0.00 (0.0 %)","0.90","0.90","0.90","0.90","0","0","0","0"
"VCT","3.40","0.00 (0.0 %)","3.40","3.40","3.40","3.40","0","0","0","0"
"VDB","3.60","0.00 (0.0 %)","3.60","3.60","3.60","3.60","0","0","0","0"
"VCW","36.00","0.00 (0.0 %)","36.00","36.00","36.00","36.00","0","0","0","0"
"UCT","6.00","0.00 (0.0 %)","6.00","6.00","6.00","6.00","0","0","0","0"
"TSG","10.00","0.00 (0.0 %)","10.00","10.00","10.00","10.00","0","0","0","0"
"TSD","6.40","0.00 (0.0 %)","6.40","6.40","6.40","6.40","0","0","0","0"
"TSJ","32.50","0.00 (0.0 %)","32.50","32.50","32.50","32.50","0","0","0","0"
"TTP","41.00","0.00 (0.0 %)","41.00","41.00","41.00","41.00","0","0","0","0"
"TTJ","45.00","0.00 (0.0 %)","45.00","45.00","45.00","45.00","0","0","0","0"
"TS5","10.00","0.00 (0.0 %)","10.00","10.00","10.00","10.00","0","0","0","0"
"TQW","9.80","0.00 (0.0 %)","9.80","9.80","9.80","9.80","0","0","0","0"
"TQN","38.00","-0.87 (-2.3 %)","38.00","38.00","38.00","38.00","0","0","0","0"
"TR1","14.90","-0.84 (-5.6 %)","14.90","14.90","14.90","14.90","0","0","0","0"
"TS3","9.20","0.00 (0.0 %)","9.20","9.20","9.20","9.20","0","0","0","0"
"TRT","10.00","0.00 (0.0 %)","10.00","10.00","10.00","10.00","0","0","0","0"
"TTS","6.00","0.00 (0.0 %)","6.00","6.00","6.00","6.00","0","0","0","0"
"TVP","29.50","0.00 (0.0 %)","29.50","29.50","29.50","29.50","100","2.950.000","0","0"
"TVN","7.70","0.00 (0.0 %)","7.70","7.80","7.90","7.60","193.462","1.494.153.600","0","0"
"TVU","12.90","0.00 (0.0 %)","12.90","12.90","12.90","12.90","0","0","0","0"
"TW3","11.00","0.00 (0.0 %)","11.00","11.00","11.00","11.00","0","0","0","0"
"TVW","4.80","0.00 (0.0 %)","4.80","4.80","4.80","4.80","0","0","0","0"
"TVM","10.20","0.00 (0.0 %)","10.20","10.20","10.20","10.20","0","0","0","0"
"TV1","10.80","0.00 (0.0 %)","10.80","10.80","10.80","10.80","0","0","0","0"
"TTV","0.60","0.00 (0.0 %)","0.60","0.60","0.60","0.60","0","0","0","0"
"TVA","18.90","0.00 (0.0 %)","18.90","18.90","18.90","18.90","0","0","0","0"
"TVH","25.00","0.00 (0.0 %)","25.00","25.00","25.00","25.00","0","0","0","0"
"TVG","1.70","0.00 (0.0 %)","1.70","1.70","1.70","1.70","0","0","0","0"
"VTM","21.80","0.00 (0.0 %)","21.80","21.80","21.80","21.80","0","0","0","0"
"VTI","2.40","0.00 (0.0 %)","2.40","2.40","2.40","2.40","0","0","0","0"
"VTX","14.50","0.00 (0.0 %)","14.50","14.50","14.50","14.50","0","0","0","0"
"VW3","8.00","0.00 (0.0 %)","8.00","8.00","8.00","8.00","0","0","0","0"
"VVN","3.80","0.00 (0.0 %)","3.80","3.80","3.80","3.80","0","0","0","0"
"VTG","8.50","0.00 (0.0 %)","8.50","8.50","8.50","8.50","0","0","0","0"
"VSF","7.10","0.00 (0.0 %)","7.10","7.10","7.10","7.10","0","0","0","0"
"VSE","6.00","0.00 (0.0 %)","6.00","6.00","6.00","6.00","3.000","18.000.000","0","0"
"VSG","1.50","0.00 (0.0 %)","1.50","1.50","1.50","1.50","0","0","0","0"
"VST","0.30","0.00 (0.0 %)","0.30","0.30","0.30","0.30","0","0","0","0"
"VSP","1.10","0.00 (0.0 %)","1.10","1.10","1.10","1.10","0","0","0","0"
"VWS","16.80","0.00 (0.0 %)","16.80","16.80","16.80","16.80","0","0","0","0"
"XLV","9.00","0.00 (0.0 %)","9.00","9.00","9.00","9.00","200","1.800.000","0","0"
"XHC","24.00","0.00 (0.0 %)","24.00","24.00","24.00","24.00","0","0","0","0"
"XMD","1.90","0.00 (0.0 %)","1.90","1.90","1.90","1.90","0","0","0","0"
"YRC","6.30","0.00 (0.0 %)","6.30","6.30","6.30","6.30","0","0","0","0"
"YBC","24.30","0.00 (0.0 %)","24.30","24.30","24.30","24.30","0","0","0","0"
"XDH","7.10","0.00 (0.0 %)","7.10","7.10","7.10","7.10","0","0","0","0"
"VXT","18.10","0.00 (0.0 %)","18.10","18.10","18.10","18.10","100","1.810.000","0","0"
"VXP","20.00","0.00 (0.0 %)","20.00","20.00","20.00","20.00","0","0","0","0"
"WTC","22.00","0.00 (0.0 %)","22.00","22.00","22.00","22.00","300","6.600.000","0","0"
"X77","0.30","0.00 (0.0 %)","0.30","0.30","0.30","0.30","0","0","0","0"
"X26","18.10","0.00 (0.0 %)","18.10","18.10","18.10","18.10","0","0","0","0"
"VQC","15.80","0.00 (0.0 %)","15.80","15.80","15.80","15.80","0","0","0","0"
"VIN","14.70","0.00 (0.0 %)","14.70","14.70","14.70","14.70","0","0","0","0"
"VIH","10.00","0.00 (0.0 %)","10.00","10.00","10.00","10.00","0","0","0","0"
"VIR","10.00","-0.60 (-6.0 %)","10.00","10.00","10.00","10.00","0","0","0","0"
"VLF","0.90","0.00 (0.0 %)","0.90","0.90","0.90","0.90","0","0","0","0"
"VKP","0.50","0.00 (0.0 %)","0.50","0.50","0.50","0.50","0","0","0","0"
"VHI","9.30","0.00 (0.0 %)","9.30","9.30","9.30","9.30","0","0","0","0"
"VHD","6.30","0.00 (0.0 %)","6.30","6.30","6.30","6.30","0","0","0","0"
"VGR","30.00","0.00 (0.0 %)","30.00","30.00","30.00","30.00","0","0","0","0"
"VHF","12.80","0.00 (0.0 %)","12.80","12.80","12.80","12.80","0","0","0","0"
"VHH","5.00","0.00 (0.0 %)","5.00","5.00","5.00","5.00","0","0","0","0"
"VHG","0.80","0.00 (0.0 %)","0.80","0.80","0.80","0.70","123.281","86.906.800","0","0"
"VLG","3.80","0.00 (0.0 %)","3.80","3.90","4.00","3.80","5.400","21.100.000","0","0"
"VNY","8.40","0.00 (0.0 %)","8.40","8.40","8.40","8.40","0","0","0","0"
"VNX","65.00","0.00 (0.0 %)","65.00","65.00","65.00","65.00","0","0","0","0"
"VPA","2.30","0.00 (0.0 %)","2.30","2.30","2.30","2.30","0","0","0","0"
"VPW","10.90","0.00 (0.0 %)","10.90","10.90","10.90","10.90","0","0","0","0"
"VPC","0.90","0.00 (0.0 %)","0.90","0.90","0.90","0.90","0","0","0","0"
"VNI","12.30","0.00 (0.0 %)","12.30","12.30","12.30","12.30","0","0","0","0"
"VLW","15.20","0.00 (0.0 %)","15.20","15.20","15.20","15.20","0","0","0","0"
"VLP","1.40","0.00 (0.0 %)","1.40","1.40","1.40","1.40","0","0","0","0"
"VMA","8.00","0.00 (0.0 %)","8.00","8.00","8.00","8.00","0","0","0","0"
"VNH","0.80","0.00 (0.0 %)","0.80","0.80","0.90","0.80","19.000","15.300.000","0","0"
"VNB","13.90","0.00 (0.0 %)","13.90","13.90","13.90","13.90","0","0","0","0"
"SJM","2.80","0.00 (0.0 %)","2.80","2.80","2.80","2.80","0","0","0","0"
"SIV","42.80","0.00 (0.0 %)","42.80","42.80","42.80","42.80","0","0","0","0"
"SKH","20.50","0.00 (0.0 %)","20.50","20.00","20.90","20.00","5.500","112.740.000","0","0"
"SON","12.00","0.00 (0.0 %)","12.00","12.00","12.00","12.00","0","0","0","0"
"SNC","15.00","0.00 (0.0 %)","15.00","15.00","15.00","15.00","100","1.500.000","0","0"
"SHX","12.00","0.00 (0.0 %)","12.00","12.00","12.00","12.00","0","0","0","0"
"SGP","10.90","0.00 (0.0 %)","10.90","10.90","11.20","10.60","111.442","1.209.213.600","0","0"
"SGO","0.30","0.00 (0.0 %)","0.30","0.30","0.30","0.30","0","0","0","0"
"SGS","17.00","0.00 (0.0 %)","17.00","17.00","17.00","17.00","0","0","0","0"
"SHG","2.00","0.00 (0.0 %)","2.00","2.00","2.00","2.00","0","0","0","0"
"SHC","7.50","0.00 (0.0 %)","7.50","7.50","7.50","7.50","10","74.000","0","0"
"SOV","33.00","0.00 (0.0 %)","33.00","33.00","33.00","33.00","0","0","0","0"
"SSF","2.70","0.00 (0.0 %)","2.70","2.70","2.70","2.70","0","0","0","0"
"SQC","82.00","0.00 (0.0 %)","82.00","82.00","82.00","82.00","0","0","0","0"
"SSG","2.20","0.00 (0.0 %)","2.20","2.20","2.20","2.20","0","0","0","0"
"SSU","3.90","0.00 (0.0 %)","3.90","3.90","3.90","3.90","0","0","0","0"
"SSN","4.90","0.00 (0.0 %)","4.90","4.90","4.90","4.80","33.000","161.230.000","0","0"
"SPP","0.40","0.00 (0.0 %)","0.40","0.40","0.40","0.40","0","0","0","0"
"SPA","9.20","0.00 (0.0 %)","9.20","9.20","9.20","9.20","0","0","0","0"
"SP2","11.40","0.00 (0.0 %)","11.40","11.40","11.40","11.40","0","0","0","0"
"SPB","10.20","0.00 (0.0 %)","10.20","10.20","10.20","10.20","0","0","0","0"
"SPH","5.80","-0.80 (-13.8 %)","5.80","5.80","5.80","5.80","0","0","0","0"
"SPC","20.40","0.00 (0.0 %)","20.40","20.40","20.40","20.40","0","0","0","0"
"SGB","13.00","0.00 (0.0 %)","13.00","13.00","13.00","13.00","49.010","637.122.800","0","0"
"SCO","3.00","0.00 (0.0 %)","3.00","3.00","3.00","3.00","0","0","0","0"
"SCC","2.00","0.00 (0.0 %)","2.00","2.00","2.00","2.00","0","0","0","0"
"SCY","13.00","0.00 (0.0 %)","13.00","13.00","13.00","13.00","0","0","0","0"
"SD3","3.10","0.00 (0.0 %)","3.10","3.10","3.10","3.10","810","2.511.000","0","0"
"SD1","0.70","0.00 (0.0 %)","0.70","0.70","0.70","0.70","0","0","0","0"
"SCA","10.00","0.00 (0.0 %)","10.00","10.00","10.00","10.00","0","0","0","0"
"SB1","8.50","0.00 (0.0 %)","8.50","8.50","8.50","8.50","0","0","0","0"
"SAP","17.20","0.00 (0.0 %)","17.20","17.20","17.20","17.20","0","0","0","0"
"SBH","32.00","0.00 (0.0 %)","32.00","32.00","32.00","32.00","0","0","0","0"
"SBR","10.10","0.00 (0.0 %)","10.10","10.10","10.10","10.10","0","0","0","0"
"SBM","26.00","0.00 (0.0 %)","26.00","26.00","26.00","26.00","0","0","0","0"
"SD7","3.00","0.00 (0.0 %)","3.00","3.00","3.00","3.00","0","0","0","0"
"SDV","27.20","0.00 (0.0 %)","27.20","27.20","27.20","27.20","0","0","0","0"
"SDP","1.20","0.00 (0.0 %)","1.20","1.20","1.20","1.20","4.400","5.280.000","0","0"
"SDX","3.60","0.00 (0.0 %)","3.60","3.60","3.60","3.60","0","0","0","0"
"SEP","12.80","0.00 (0.0 %)","12.80","12.80","12.80","12.80","0","0","0","0"
"SDY","4.50","0.00 (0.0 %)","4.50","4.50","4.50","4.50","0","0","0","0"
"SDK","26.90","0.00 (0.0 %)","26.90","26.90","26.90","26.90","0","0","0","0"
"SDB","2.20","0.00 (0.0 %)","2.20","2.20","2.20","2.20","0","0","0","0"
"SD8","0.60","0.00 (0.0 %)","0.60","0.60","0.60","0.60","0","0","0","0"
"SDE","1.20","0.00 (0.0 %)","1.20","1.20","1.20","1.20","0","0","0","0"
"SDJ","5.70","0.00 (0.0 %)","5.70","5.70","5.70","5.70","0","0","0","0"
"SDH","0.70","0.00 (0.0 %)","0.70","0.70","0.70","0.70","0","0","0","0"
"TIE","5.80","0.00 (0.0 %)","5.80","5.80","5.80","5.80","0","0","0","0"
"THW","11.50","0.00 (0.0 %)","11.50","11.50","11.50","11.50","0","0","0","0"
"TIS","11.30","0.00 (0.0 %)","11.30","11.30","11.30","11.30","0","0","0","0"
"TL4","7.50","0.00 (0.0 %)","7.50","7.50","7.50","7.50","0","0","0","0"
"TKA","11.50","0.00 (0.0 %)","11.50","11.50","11.50","11.50","0","0","0","0"
"THR","69.50","0.00 (0.0 %)","69.50","69.50","69.50","69.50","0","0","0","0"
"TEL","13.50","0.00 (0.0 %)","13.50","13.50","13.50","13.50","0","0","0","0"
"TEC","7.00","0.00 (0.0 %)","7.00","7.00","7.00","7.00","0","0","0","0"
"TGP","4.00","0.00 (0.0 %)","4.00","4.00","4.00","4.00","0","0","0","0"
"THN","5.40","0.00 (0.0 %)","5.40","5.40","5.40","5.40","0","0","0","0"
"TH1","8.00","0.00 (0.0 %)","8.00","8.00","8.00","8.00","0","0","0","0"
"TLI","10.00","0.00 (0.0 %)","10.00","10.00","10.00","10.00","0","0","0","0"
"TNW","13.40","0.00 (0.0 %)","13.40","13.40","13.40","13.40","0","0","0","0"
"TNS","2.50","0.00 (0.0 %)","2.50","2.50","2.50","2.50","0","0","0","0"
"TOP","0.30","0.00 (0.0 %)","0.30","0.30","0.30","0.30","0","0","0","0"
"TPS","30.50","0.00 (0.0 %)","30.50","30.50","30.50","30.50","0","0","0","0"
"TOW","18.20","0.00 (0.0 %)","18.20","18.20","18.20","18.20","0","0","0","0"
"TNP","10.00","0.00 (0.0 %)","10.00","10.00","10.00","10.00","0","0","0","0"
"TMG","34.00","0.00 (0.0 %)","34.00","34.00","34.00","34.00","0","0","0","0"
"TLT","9.50","0.00 (0.0 %)","9.50","9.50","9.50","9.50","100","950.000","0","0"
"TMW","13.00","0.00 (0.0 %)","13.00","13.00","13.00","13.00","0","0","0","0"
"TNM","3.10","0.00 (0.0 %)","3.10","3.10","3.10","3.10","0","0","0","0"
"TNB","14.50","0.00 (0.0 %)","14.50","14.50","14.50","14.50","0","0","0","0"
"TDF","16.00","0.00 (0.0 %)","16.00","16.00","16.00","16.00","0","0","0","0"
"SVG","5.60","0.00 (0.0 %)","5.60","5.60","5.60","5.60","0","0","0","0"
"SUM","2.90","0.00 (0.0 %)","2.90","2.90","2.90","2.90","0","0","0","0"
"SVH","6.00","0.00 (0.0 %)","6.00","6.00","6.00","6.00","0","0","0","0"
"T12","61.20","0.00 (0.0 %)","61.20","61.20","61.20","61.20","0","0","0","0"
"SVL","18.50","0.00 (0.0 %)","18.50","18.50","18.50","18.50","0","0","0","0"
"STW","1.50","0.00 (0.0 %)","1.50","1.50","1.50","1.50","0","0","0","0"
"STS","26.50","0.00 (0.0 %)","26.50","26.50","26.50","26.50","0","0","0","0"
"STL","1.40","0.00 (0.0 %)","1.40","1.40","1.40","1.40","0","0","0","0"
"STT","1.70","0.00 (0.0 %)","1.70","1.70","1.70","1.70","0","0","0","0"
"STV","14.00","0.00 (0.0 %)","14.00","14.00","14.00","14.00","0","0","0","0"
"STU","7.40","0.00 (0.0 %)","7.40","7.40","7.40","7.40","0","0","0","0"
"TA3","8.00","0.00 (0.0 %)","8.00","8.00","8.00","8.00","0","0","0","0"
"TCI","7.00","0.00 (0.0 %)","7.00","7.00","7.00","7.00","2.000","14.000.000","0","0"
"TBT","6.20","0.00 (0.0 %)","6.20","6.20","6.20","6.20","0","0","0","0"
"TCJ","4.00","0.00 (0.0 %)","4.00","4.00","4.00","4.00","0","0","0","0"
"TDB","35.00","0.00 (0.0 %)","35.00","35.00","35.00","35.00","0","0","0","0"
"TCK","2.80","0.00 (0.0 %)","2.80","2.80","2.80","2.80","0","0","0","0"
"TBD","82.50","0.00 (0.0 %)","82.50","82.50","82.50","82.50","0","0","0","0"
"TAN","52.10","0.00 (0.0 %)","52.10","52.10","52.10","52.10","0","0","0","0"
"TAG","27.00","0.00 (0.0 %)","27.00","27.00","27.00","27.00","0","0","0","0"
"TAP","10.10","0.00 (0.0 %)","10.10","10.10","10.10","10.10","0","0","0","0"
"TB8","9.00","0.00 (0.0 %)","9.00","9.00","9.00","9.00","0","0","0","0"
"TAW","44.80","0.00 (0.0 %)","44.80","44.80","44.80","44.80","0","0","0","0"
"DBH","9.50","0.00 (0.0 %)","9.50","9.50","9.50","9.50","0","0","0","0"
"DAS","18.70","0.00 (0.0 %)","18.70","18.70","18.70","18.70","0","0","0","0"
"DAC","2.30","0.00 (0.0 %)","2.30","2.30","2.30","2.30","0","0","0","0"
"DCG","19.50","0.00 (0.0 %)","19.50","19.50","19.50","19.50","0","0","0","0"
"DBW","10.00","0.00 (0.0 %)","10.00","10.00","10.00","10.00","0","0","0","0"
"DBM","28.80","0.00 (0.0 %)","28.80","28.80","28.80","28.80","0","0","0","0"
"CTW","10.00","0.00 (0.0 %)","10.00","10.00","10.00","10.00","0","0","0","0"
"CTN","0.40","0.00 (0.0 %)","0.40","0.40","0.40","0.40","0","0","0","0"
"CTA","0.60","0.00 (0.0 %)","0.60","0.60","0.60","0.60","0","0","0","0"
"CYC","0.80","0.00 (0.0 %)","0.80","0.80","0.80","0.80","0","0","0","0"
"CXH","7.00","0.00 (0.0 %)","7.00","7.00","7.00","7.00","0","0","0","0"
"CVH","10.70","0.00 (0.0 %)","10.70","10.70","10.70","10.70","0","0","0","0"
"DFC","18.40","0.00 (0.0 %)","18.40","18.40","18.40","18.40","0","0","0","0"
"DDV","6.90","0.00 (0.0 %)","6.90","6.90","6.90","6.90","0","0","0","0"
"DDN","10.60","0.00 (0.0 %)","10.60","10.60","10.60","10.60","2.194","23.242.100","0","0"
"DHD","24.90","0.00 (0.0 %)","24.90","24.90","24.90","24.90","0","0","0","0"
"DHB","7.20","0.00 (0.0 %)","7.20","7.20","7.20","7.20","0","0","0","0"
"DGT","57.10","0.00 (0.0 %)","57.10","57.10","57.10","57.10","0","0","0","0"
"DCS","0.40","0.00 (0.0 %)","0.40","0.40","0.40","0.40","0","0","0","0"
"DCI","1.30","0.00 (0.0 %)","1.30","1.30","1.30","1.30","0","0","0","0"
"DCH","5.10","0.00 (0.0 %)","5.10","5.10","5.10","5.10","0","0","0","0"
"DDM","1.10","0.00 (0.0 %)","1.10","1.10","1.10","1.10","0","0","0","0"
"DDH","5.30","0.00 (0.0 %)","5.30","5.30","5.30","5.30","0","0","0","0"
"DCT","0.70","0.00 (0.0 %)","0.70","0.70","0.70","0.70","0","0","0","0"
"CT5","10.20","0.00 (0.0 %)","10.20","10.20","10.20","10.20","0","0","0","0"
"CKH","3.20","0.00 (0.0 %)","3.20","3.20","3.20","3.20","0","0","0","0"
"CKD","21.00","0.00 (0.0 %)","21.00","21.00","21.00","21.00","0","0","0","0"
"CKA","19.00","0.00 (0.0 %)","19.00","19.00","19.00","19.00","0","0","0","0"
"CMI","1.00","0.00 (0.0 %)","1.00","1.00","1.00","1.00","0","0","0","0"
"CMF","161.00","0.00 (0.0 %)","161.00","161.00","161.00","161.00","0","0","0","0"
"CMD","16.00","0.00 (0.0 %)","16.00","16.00","16.00","16.00","0","0","0","0"
"CHS","9.10","0.00 (0.0 %)","9.10","9.10","9.10","9.10","0","0","0","0"
"CHC","2.50","0.00 (0.0 %)","2.50","2.50","2.50","2.50","0","0","0","0"
"CH5","6.70","0.00 (0.0 %)","6.70","6.70","6.70","6.70","0","0","0","0"
"CIP","20.70","0.00 (0.0 %)","20.70","20.70","20.70","20.70","0","0","0","0"
"CID","5.00","0.00 (0.0 %)","5.00","5.00","5.00","5.00","0","0","0","0"
"CI5","3.60","0.00 (0.0 %)","3.60","3.60","3.60","3.60","0","0","0","0"
"CPI","1.40","0.00 (0.0 %)","1.40","1.40","1.40","1.40","0","0","0","0"
"CPH","3.50","0.00 (0.0 %)","3.50","3.50","3.50","3.50","0","0","0","0"
"CPA","4.80","0.00 (0.0 %)","4.80","4.80","4.80","4.80","0","0","0","0"
"CT3","8.80","0.00 (0.0 %)","8.80","8.80","8.80","8.80","0","0","0","0"
"CQT","2.20","0.00 (0.0 %)","2.20","2.20","2.20","2.20","0","0","0","0"
"CPW","2.00","0.00 (0.0 %)","2.00","2.00","2.00","2.00","0","0","0","0"
"CMP","8.30","0.00 (0.0 %)","8.30","8.30","8.30","8.30","0","0","0","0"
"CMN","52.30","0.00 (0.0 %)","52.30","52.30","52.30","52.30","0","0","0","0"
"CMK","8.30","0.00 (0.0 %)","8.30","8.30","8.30","8.30","0","0","0","0"
"CNT","7.90","0.00 (0.0 %)","7.90","7.90","7.90","7.90","0","0","0","0"
"CNC","21.10","0.00 (0.0 %)","21.10","21.10","21.10","21.10","0","0","0","0"
"CMW","17.20","0.00 (0.0 %)","17.20","17.20","17.20","17.20","0","0","0","0"
"DHN","10.00","0.00 (0.0 %)","10.00","10.00","10.00","10.00","0","0","17.714","177.140.000"
"DVC","11.00","0.00 (0.0 %)","11.00","11.00","11.00","11.00","0","0","0","0"
"DUS","11.00","0.00 (0.0 %)","11.00","11.00","11.00","11.00","0","0","0","0"
"DTI","9.80","0.00 (0.0 %)","9.80","9.80","9.80","9.80","0","0","0","0"
"DXD","14.10","0.00 (0.0 %)","14.10","14.10","14.10","14.10","0","0","0","0"
"DX2","10.20","0.00 (0.0 %)","10.20","10.20","10.20","10.20","0","0","0","0"
"DVW","19.60","0.00 (0.0 %)","19.60","19.60","19.60","19.60","0","0","0","0"
"DSV","10.00","0.00 (0.0 %)","10.00","10.00","10.00","10.00","0","0","0","0"
"DSS","7.50","0.00 (0.0 %)","7.50","7.50","7.50","7.50","0","0","0","0"
"DSG","5.00","0.00 (0.0 %)","5.00","5.00","5.00","5.00","2.000","10.000.000","0","0"
"DTG","8.90","0.00 (0.0 %)","8.90","8.90","8.90","8.90","17","151.300","0","0"
"DTB","11.90","0.00 (0.0 %)","11.90","11.90","11.90","11.90","0","0","0","0"
"DT4","8.00","0.00 (0.0 %)","8.00","8.00","8.00","8.00","0","0","40.800","326.400.000"
"EMG","18.50","0.00 (0.0 %)","18.50","18.50","18.50","18.50","0","0","0","0"
"EME","45.00","0.00 (0.0 %)","45.00","45.00","45.00","45.00","0","0","0","0"
"EIN","4.90","0.00 (0.0 %)","4.90","4.90","4.90","4.90","4.700","23.030.000","0","0"
"EPH","7.50","0.00 (0.0 %)","7.50","7.50","7.50","7.50","0","0","0","0"
"EPC","6.20","0.00 (0.0 %)","6.20","6.20","6.20","6.20","0","0","0","0"
"EMS","31.00","0.00 (0.0 %)","31.00","31.00","31.00","31.00","0","0","0","0"
"E29","5.70","0.00 (0.0 %)","5.70","5.70","5.70","5.70","0","0","0","0"
"E12","10.00","0.00 (0.0 %)","10.00","10.00","10.00","10.00","0","0","0","0"
"DXL","3.50","0.00 (0.0 %)","3.50","3.50","3.50","3.50","0","0","0","0"
"EIC","7.30","0.00 (0.0 %)","7.30","7.30","7.30","7.30","0","0","0","0"
"EFI","2.00","0.00 (0.0 %)","2.00","2.00","2.00","2.00","0","0","0","0"
"EAD","21.40","0.00 (0.0 %)","21.40","21.40","21.40","21.40","0","0","0","0"
"DSC","5.80","0.00 (0.0 %)","5.80","5.80","5.80","5.80","0","0","0","0"
"DNB","6.90","0.00 (0.0 %)","6.90","6.90","6.90","6.90","0","0","0","0"
"DNA","22.00","0.00 (0.0 %)","22.00","22.00","22.00","22.00","0","0","0","0"
"DM7","7.80","0.00 (0.0 %)","7.80","7.80","7.80","7.80","0","0","0","0"
"DNH","28.00","0.00 (0.0 %)","28.00","28.00","28.00","28.00","0","0","0","0"
"DNE","10.50","0.00 (0.0 %)","10.50","10.50","10.50","10.50","600","6.300.000","0","0"
"DND","25.30","0.00 (0.0 %)","25.30","25.30","25.30","25.30","0","0","0","0"
"DKH","21.00","0.00 (0.0 %)","21.00","21.00","21.00","21.00","0","0","0","0"
"DID","2.70","0.00 (0.0 %)","2.70","2.70","2.70","2.70","0","0","0","0"
"DIC","1.00","0.00 (0.0 %)","1.00","1.00","1.00","1.00","0","0","0","0"
"DLT","10.30","0.00 (0.0 %)","10.30","10.30","10.30","10.30","0","0","0","0"
"DLR","10.40","0.00 (0.0 %)","10.40","10.40","10.40","10.40","0","0","0","0"
"DLD","37.50","0.00 (0.0 %)","37.50","37.50","37.50","37.50","0","0","0","0"
"DP1","15.30","0.00 (0.0 %)","15.30","15.30","15.30","15.30","0","0","0","0"
"DOP","9.90","0.00 (0.0 %)","9.90","9.90","9.90","9.90","0","0","0","0"
"DOC","8.50","0.00 (0.0 %)","8.50","8.50","8.50","8.50","0","0","0","0"
"DRG","12.30","0.00 (0.0 %)","12.30","12.30","12.30","12.30","0","0","0","0"
"DPP","16.00","0.00 (0.0 %)","16.00","16.00","16.00","16.00","0","0","0","0"
"DP2","4.80","0.00 (0.0 %)","4.80","4.80","4.80","4.80","0","0","0","0"
"DNR","10.50","0.00 (0.0 %)","10.50","10.50","10.50","10.50","0","0","0","0"
"DNN","0.20","0.00 (0.0 %)","0.20","0.20","0.20","0.20","0","0","0","0"
"DNL","17.50","0.00 (0.0 %)","17.50","17.50","17.50","17.50","0","0","0","0"
"DNY","1.40","0.00 (0.0 %)","1.40","1.40","1.40","1.40","0","0","0","0"
"DNT","18.30","0.00 (0.0 %)","18.30","18.30","18.30","18.30","0","0","0","0"
"DNS","9.40","0.00 (0.0 %)","9.40","9.40","9.40","9.40","0","0","0","0"
"CGV","4.40","0.00 (0.0 %)","4.40","4.40","4.40","4.40","0","0","0","0"
"BHT","6.10","0.00 (0.0 %)","6.10","6.10","6.10","6.10","0","0","0","0"
"BHP","5.60","0.00 (0.0 %)","5.60","5.60","5.60","5.60","0","0","0","0"
"BHG","12.10","0.00 (0.0 %)","12.10","12.10","12.10","12.10","0","0","0","0"
"BKH","26.60","0.00 (0.0 %)","26.60","26.60","26.60","26.60","0","0","0","0"
"BIO","9.50","0.00 (0.0 %)","9.50","9.50","9.50","9.50","0","0","0","0"
"BHV","5.40","0.00 (0.0 %)","5.40","5.40","5.40","5.40","0","0","0","0"
"BEL","11.50","0.00 (0.0 %)","11.50","11.50","11.50","11.50","0","0","0","0"
"BCP","9.80","0.00 (0.0 %)","9.80","9.80","9.80","9.80","0","0","0","0"
"BCB","6.60","0.00 (0.0 %)","6.60","6.60","6.60","6.60","0","0","0","0"
"BHC","2.90","0.00 (0.0 %)","2.90","2.90","2.90","2.90","0","0","0","0"
"BHA","9.00","0.00 (0.0 %)","9.00","9.00","9.00","9.00","200","1.800.000","0","0"
"BGW","27.00","0.00 (0.0 %)","27.00","27.00","27.00","27.00","0","0","0","0"
"BMV","10.00","0.00 (0.0 %)","10.00","10.00","10.00","10.00","0","0","0","0"
"BMN","5.80","0.00 (0.0 %)","5.80","5.80","5.80","5.80","0","0","0","0"
"BMJ","28.00","0.00 (0.0 %)","28.00","28.00","28.00","28.00","0","0","0","0"
"BQB","5.40","0.00 (0.0 %)","5.40","5.40","5.40","5.40","0","0","0","0"
"BPW","26.40","0.00 (0.0 %)","26.40","26.40","26.40","26.40","0","0","0","0"
"BNW","9.70","0.00 (0.0 %)","9.70","9.70","9.70","9.70","0","0","0","0"
"BLU","10.00","0.00 (0.0 %)","10.00","10.00","10.00","10.00","0","0","0","0"
"BLT","18.90","0.00 (0.0 %)","18.90","18.90","18.90","18.90","0","0","0","0"
"BLN","1.60","0.00 (0.0 %)","1.60","1.60","1.60","1.60","0","0","0","0"
"BMG","28.00","0.00 (0.0 %)","28.00","28.00","28.00","28.00","0","0","0","0"
"BMD","8.00","0.00 (0.0 %)","8.00","8.00","8.00","8.00","0","0","0","0"
"BLW","17.60","0.00 (0.0 %)","17.60","17.60","17.60","17.60","0","0","0","0"
"BBM","13.30","0.00 (0.0 %)","13.30","13.30","13.30","13.30","0","0","0","0"
"ALV","1.70","0.00 (0.0 %)","1.70","1.70","1.70","1.70","0","0","0","0"
"AGX","31.50","0.00 (0.0 %)","31.50","31.50","31.50","31.50","0","0","0","0"
"AGF","5.60","0.00 (0.0 %)","5.60","5.60","5.60","5.60","0","0","0","0"
"APT","3.20","0.00 (0.0 %)","3.20","3.20","3.20","3.20","0","0","0","0"
"APL","11.00","0.00 (0.0 %)","11.00","11.00","11.00","11.00","0","0","0","0"
"AMP","10.20","0.00 (0.0 %)","10.20","10.20","10.20","10.20","0","0","0","0"
"ACS","12.00","0.00 (0.0 %)","12.00","12.00","12.00","12.00","0","0","0","0"
"AC4","3.00","0.00 (0.0 %)","3.00","3.00","3.00","3.00","0","0","0","0"
"ABR","28.00","0.00 (0.0 %)","28.00","28.00","28.00","28.00","0","0","0","0"
"AG1","9.60","0.00 (0.0 %)","9.60","9.60","9.60","9.60","200","1.920.000","0","0"
"ADP","28.00","0.00 (0.0 %)","28.00","28.00","28.00","28.00","2.000","56.000.000","0","0"
"ADG","59.50","0.00 (0.0 %)","59.50","59.70","59.90","59.30","73.900","4.408.760.000","0","0"
"B82","0.50","0.00 (0.0 %)","0.50","0.50","0.50","0.50","0","0","0","0"
"AVF","0.30","0.00 (0.0 %)","0.30","0.30","0.30","0.30","0","0","0","0"
"AVC","26.00","0.00 (0.0 %)","26.00","26.00","26.00","26.00","0","0","0","0"
"BBH","16.00","0.00 (0.0 %)","16.00","16.00","16.00","16.00","0","0","0","0"
"BAL","7.70","0.00 (0.0 %)","7.70","7.70","7.70","7.70","0","0","0","0"
"BAB","17.80","0.00 (0.0 %)","17.80","17.80","17.80","17.80","0","0","0","0"
"ASD","3.10","0.00 (0.0 %)","3.10","3.10","3.10","3.10","0","0","0","0"
"ASA","1.30","0.00 (0.0 %)","1.30","1.30","1.30","1.30","0","0","0","0"
"AQN","7.50","0.00 (0.0 %)","7.50","7.50","7.50","7.50","0","0","0","0"
"AUM","10.50","0.00 (0.0 %)","10.50","10.50","10.50","10.50","0","0","0","0"
"ATD","9.60","0.00 (0.0 %)","9.60","9.60","9.60","9.60","0","0","0","0"
"ATA","0.20","0.00 (0.0 %)","0.20","0.20","0.20","0.20","0","0","0","0"
"BRS","14.10","0.00 (0.0 %)","14.10","14.10","14.10","14.10","0","0","0","0"
"CCA","9.20","0.00 (0.0 %)","9.20","9.20","9.20","9.20","0","0","0","0"
"CC4","7.80","0.00 (0.0 %)","7.80","7.80","7.80","7.80","0","0","0","0"
"CC1","22.00","0.00 (0.0 %)","22.00","22.00","22.00","22.00","0","0","0","0"
"CCT","10.00","0.00 (0.0 %)","10.00","10.00","10.00","10.00","0","0","0","0"
"CCP","8.30","0.00 (0.0 %)","8.30","8.30","8.30","8.30","0","0","0","0"
"CCH","3.90","0.00 (0.0 %)","3.90","3.90","3.90","3.90","0","0","0","0"
"CAM","15.70","0.00 (0.0 %)","15.70","15.70","15.70","15.70","0","0","0","0"
"CAD","0.30","0.00 (0.0 %)","0.30","0.30","0.30","0.30","0","0","0","0"
"CAB","140.90","0.00 (0.0 %)","140.90","140.90","140.90","140.90","0","0","0","0"
"CBS","7.30","0.00 (0.0 %)","7.30","7.30","7.30","7.30","0","0","0","0"
"CBC","9.70","0.00 (0.0 %)","9.70","9.70","9.70","9.70","0","0","0","0"
"CAT","13.70","0.00 (0.0 %)","13.70","13.70","13.70","13.70","1.400","19.180.000","0","0"
"CEG","11.80","-0.50 (-4.2 %)","11.80","11.80","11.80","11.80","0","0","0","0"
"CEC","15.00","0.00 (0.0 %)","15.00","15.00","15.00","15.00","0","0","0","0"
"CE1","8.00","0.00 (0.0 %)","8.00","8.00","8.00","8.00","0","0","0","0"
"CGL","34.00","0.00 (0.0 %)","34.00","34.00","34.00","34.00","0","0","0","0"
"CFV","21.30","0.00 (0.0 %)","21.30","21.30","21.30","21.30","0","0","0","0"
"CFC","26.40","0.00 (0.0 %)","26.40","26.40","26.40","26.40","0","0","0","0"
"CDH","3.60","0.00 (0.0 %)","3.60","3.60","3.60","3.60","0","0","0","0"
"CDG","4.20","0.00 (0.0 %)","4.20","4.20","4.20","4.20","0","0","0","0"
"CCV","18.00","0.00 (0.0 %)","18.00","18.00","18.00","18.00","0","0","0","0"
"CDR","5.70","0.00 (0.0 %)","5.70","5.70","5.70","5.70","0","0","0","0"
"CDP","9.80","0.00 (0.0 %)","9.80","9.80","9.80","9.80","0","0","0","0"
"CDO","0.80","0.00 (0.0 %)","0.80","0.80","0.80","0.80","1.620","1.296.000","0","0"
"C71","6.20","0.00 (0.0 %)","6.20","6.20","6.20","6.20","0","0","0","0"
"BTD","21.10","0.00 (0.0 %)","21.10","21.20","21.20","21.00","8.200","172.580.000","0","0"
"BTB","5.80","0.00 (0.0 %)","5.80","5.80","5.80","5.80","0","0","0","0"
"BT6","1.20","0.00 (0.0 %)","1.20","1.20","1.20","1.20","0","0","0","0"
"BTN","2.70","0.00 (0.0 %)","2.70","2.70","2.70","2.70","0","0","0","0"
"BTH","4.90","0.00 (0.0 %)","4.90","4.90","4.90","4.90","0","0","0","0"
"BTG","5.50","0.00 (0.0 %)","5.50","5.50","5.50","5.50","0","0","0","0"
"BSH","23.00","0.00 (0.0 %)","23.00","23.00","23.00","23.00","0","0","0","0"
"BSG","7.80","0.00 (0.0 %)","7.80","7.80","7.80","7.80","0","0","0","0"
"BSD","27.00","0.00 (0.0 %)","27.00","27.00","27.00","27.00","0","0","0","0"
"BT1","11.80","0.00 (0.0 %)","11.80","11.80","11.80","11.80","0","0","0","0"
"BSQ","19.60","0.00 (0.0 %)","19.60","19.60","19.60","19.60","0","0","0","0"
"BSP","17.80","0.00 (0.0 %)","17.80","17.80","17.80","17.80","0","0","0","0"
"C12","2.90","0.00 (0.0 %)","2.90","2.90","2.90","2.90","0","0","0","0"
"BXT","10.60","0.00 (0.0 %)","10.60","10.60","10.60","10.60","0","0","0","0"
"BWS","35.20","0.00 (0.0 %)","35.20","35.20","35.20","33.00","2.200","77.440.000","1.129","37.257.000"
"C36","9.10","0.00 (0.0 %)","9.10","9.10","9.10","9.10","0","0","0","0"
"C22","13.00","0.00 (0.0 %)","13.00","13.00","13.00","13.00","0","0","0","0"
"C21","15.00","0.00 (0.0 %)","15.00","15.00","15.00","15.00","17","246.500","0","0"
"BTV","11.00","-0.40 (-3.6 %)","11.00","11.00","11.00","11.00","0","0","0","0"
"BTU","6.70","0.00 (0.0 %)","6.70","6.70","6.70","6.70","0","0","0","0"
"BTR","3.00","0.00 (0.0 %)","3.00","3.00","3.00","3.00","0","0","0","0"
"BWA","5.10","0.00 (0.0 %)","5.10","5.10","5.10","5.10","0","0","0","0"
"BVN","7.10","0.00 (0.0 %)","7.10","7.10","7.10","7.10","0","0","0","0"
"BUD","6.40","0.00 (0.0 %)","6.40","6.50","6.50","6.40","900","5.810.000","0","0"
"FBA","0.90","0.00 (0.0 %)","0.90","0.90","0.90","0.90","0","0","0","0"
"HPW","12.00","0.00 (0.0 %)","12.00","12.00","12.00","12.00","0","0","0","0"
"HPU","5.30","0.00 (0.0 %)","5.30","5.30","5.30","5.30","0","0","0","0"
"HRB","27.00","0.00 (0.0 %)","27.00","27.00","27.00","27.00","0","0","0","0"
"HSA","33.60","0.00 (0.0 %)","33.60","33.60","33.60","33.60","0","0","0","0"
"HRT","3.20","0.00 (0.0 %)","3.20","3.20","3.20","3.20","0","0","0","0"
"HPD","18.30","0.00 (0.0 %)","18.30","18.30","18.30","18.30","0","0","0","0"
"HPB","15.00","0.00 (0.0 %)","15.00","15.00","15.00","15.00","0","0","0","0"
"HPH","3.40","0.00 (0.0 %)","3.40","3.40","3.40","3.40","0","0","0","0"
"HPT","9.80","0.00 (0.0 %)","9.80","9.80","9.80","9.80","1.100","10.780.000","0","0"
"HPP","38.00","0.00 (0.0 %)","38.00","38.00","38.00","32.30","22.200","843.600.000","5.428","175.324.400"
"HSI","1.00","0.00 (0.0 %)","1.00","0.90","1.00","0.90","1.700","1.540.000","0","0"
"L12","4.10","0.00 (0.0 %)","4.10","4.10","4.10","4.10","0","0","0","0"
"HTR","9.30","0.00 (0.0 %)","9.30","9.30","9.30","9.30","0","0","0","0"
"HTT","0.80","0.00 (0.0 %)","0.80","0.80","0.80","0.80","0","0","0","0"
"HTU","8.90","0.00 (0.0 %)","8.90","8.90","8.90","8.90","0","0","0","0"
"KTL","22.70","-0.92 (-4.1 %)","22.70","22.70","22.70","22.70","0","0","0","0"
"HSM","9.80","0.00 (0.0 %)","9.80","9.80","9.80","9.80","0","0","0","0"
"L45","2.00","0.00 (0.0 %)","2.00","2.00","2.00","2.00","0","0","0","0"
"L44","1.50","0.00 (0.0 %)","1.50","1.50","1.50","1.50","0","0","0","0"
"HTK","10.00","0.00 (0.0 %)","10.00","10.00","10.00","10.00","0","0","0","0"
"HSP","11.70","0.00 (0.0 %)","11.70","11.70","11.70","11.70","0","0","0","0"
"HNT","2.30","0.00 (0.0 %)","2.30","2.30","2.30","2.30","0","0","0","0"
"HLB","157.60","0.00 (0.0 %)","157.60","157.60","157.60","157.60","0","0","0","0"
"HLA","0.30","0.00 (0.0 %)","0.30","0.30","0.30","0.30","0","0","0","0"
"HLE","3.80","0.00 (0.0 %)","3.80","3.80","3.80","3.80","0","0","0","0"
"HLR","6.00","0.00 (0.0 %)","6.00","6.00","6.00","6.00","0","0","0","0"
"HLG","6.20","0.00 (0.0 %)","6.20","6.20","6.20","6.20","0","0","0","0"
"LDW","13.30","0.00 (0.0 %)","13.30","13.30","13.30","13.30","0","0","0","0"
"HHV","16.10","0.00 (0.0 %)","16.10","16.10","16.10","16.10","0","0","0","0"
"LCW","10.00","0.00 (0.0 %)","10.00","10.00","10.00","10.00","0","0","0","0"
"LCC","3.10","0.00 (0.0 %)","3.10","3.10","3.10","3.10","0","0","0","0"
"HJC","5.50","0.00 (0.0 %)","5.50","5.50","5.50","5.50","0","0","0","0"
"HLS","17.00","0.00 (0.0 %)","17.00","17.00","17.00","17.00","0","0","0","0"
"LAI","11.50","0.00 (0.0 %)","11.50","11.50","11.50","11.50","0","0","0","0"
"LAW","13.60","0.00 (0.0 %)","13.60","13.60","13.60","13.60","0","0","0","0"
"HNF","21.90","0.00 (0.0 %)","21.90","21.90","21.90","21.90","0","0","0","0"
"HNR","12.00","0.00 (0.0 %)","12.00","12.00","12.00","12.00","0","0","0","0"
"L63","11.50","0.00 (0.0 %)","11.50","11.50","11.50","11.50","0","0","0","0"
"HMG","23.50","0.00 (0.0 %)","23.50","23.50","23.50","23.50","0","0","0","0"
"HLT","18.50","0.00 (0.0 %)","18.50","18.50","18.50","18.50","0","0","0","0"
"LBC","11.00","0.00 (0.0 %)","11.00","11.00","11.00","11.00","0","0","0","0"
"HNB","14.30","0.00 (0.0 %)","14.30","14.30","14.30","14.30","0","0","0","0"
"HNA","11.00","0.00 (0.0 %)","11.00","11.00","11.00","11.00","0","0","0","0"
"IRC","9.40","0.00 (0.0 %)","9.40","9.40","9.40","9.40","0","0","0","0"
"IPH","69.00","0.00 (0.0 %)","69.00","69.00","69.00","69.00","0","0","0","0"
"ISG","2.20","0.00 (0.0 %)","2.20","2.20","2.20","2.20","0","0","0","0"
"KHW","18.10","0.00 (0.0 %)","18.10","18.10","18.10","18.10","100","1.810.000","0","0"
"ISH","16.50","0.00 (0.0 %)","16.50","16.50","16.50","16.50","0","0","0","0"
"IME","11.30","0.00 (0.0 %)","11.30","11.30","11.30","11.30","0","0","0","0"
"ILS","11.60","0.00 (0.0 %)","11.60","11.60","11.60","11.60","100","1.160.000","0","0"
"IN4","91.30","-1.00 (-1.1 %)","91.30","91.30","91.30","91.30","0","0","0","0"
"KIP","14.30","0.00 (0.0 %)","14.30","14.30","14.30","14.30","0","0","0","0"
"KLM","9.60","0.00 (0.0 %)","9.60","9.60","9.60","9.60","0","0","0","0"
"IST","21.70","0.00 (0.0 %)","21.70","21.70","21.70","21.70","0","0","0","0"
"KCB","1.80","0.00 (0.0 %)","1.80","1.80","1.80","1.80","0","0","0","0"
"KBE","18.90","0.00 (0.0 %)","18.90","18.90","18.90","18.90","0","0","0","0"
"KHA","23.50","0.00 (0.0 %)","23.50","23.50","24.00","22.50","6.905","161.685.000","0","0"
"KCE","9.20","0.00 (0.0 %)","9.20","9.20","9.20","9.20","0","0","0","0"
"KDF","46.70","-3.00 (-6.4 %)","46.70","46.70","47.20","39.70","133.499","6.223.254.700","100.000","3.970.000.000"
"JOS","1.30","0.00 (0.0 %)","1.30","1.30","1.30","1.30","0","0","0","0"
"KHL","0.30","0.00 (0.0 %)","0.30","0.30","0.30","0.30","0","0","0","0"
"KAC","8.90","0.00 (0.0 %)","8.90","8.90","8.90","8.90","0","0","0","0"
"KHB","0.60","0.00 (0.0 %)","0.60","0.60","0.60","0.60","0","0","0","0"
"KHD","8.50","0.00 (0.0 %)","8.50","8.50","8.50","8.50","0","0","0","0"
"ILC","3.80","0.00 (0.0 %)","3.80","3.80","3.80","3.80","0","0","0","0"
"HUX","10.00","0.00 (0.0 %)","10.00","10.00","10.00","10.00","0","0","0","0"
"KSV","9.50","0.00 (0.0 %)","9.50","9.50","9.50","9.50","0","0","0","0"
"HVA","3.90","0.00 (0.0 %)","3.90","3.90","3.90","3.90","0","0","0","0"
"HWS","11.10","0.00 (0.0 %)","11.10","11.10","11.10","11.10","0","0","0","0"
"HVG","5.10","0.00 (0.0 %)","5.10","5.10","5.10","5.10","0","0","0","0"
"HTW","10.00","0.00 (0.0 %)","10.00","10.00","10.00","10.00","0","0","0","0"
"KTC","11.00","0.00 (0.0 %)","11.00","11.00","11.00","11.00","0","0","0","0"
"KTB","1.90","0.00 (0.0 %)","1.90","1.90","1.90","1.90","0","0","0","0"
"HUG","31.80","0.00 (0.0 %)","31.80","31.80","31.80","31.80","0","0","0","0"
"HU6","5.90","0.00 (0.0 %)","5.90","5.90","5.90","5.90","0","0","0","0"
"I10","0.80","0.00 (0.0 %)","0.80","0.80","0.80","0.80","0","0","0","0"
"IHK","14.50","0.00 (0.0 %)","14.50","14.50","14.50","14.50","0","0","0","0"
"IFS","16.90","0.00 (0.0 %)","16.90","16.90","16.90","16.90","0","0","0","0"
"KSE","25.10","0.00 (0.0 %)","25.10","25.10","25.10","25.10","0","0","0","0"
"ILA","2.90","0.00 (0.0 %)","2.90","2.90","2.90","2.90","26.840","77.836.000","0","0"
"IKH","7.90","0.00 (0.0 %)","7.90","7.90","7.90","7.90","0","0","0","0"
"ICC","36.00","0.00 (0.0 %)","36.00","36.00","36.00","36.00","0","0","0","0"
"IBD","12.90","0.00 (0.0 %)","12.90","12.90","12.90","12.90","0","0","0","0"
"KSK","0.20","0.00 (0.0 %)","0.20","0.20","0.20","0.20","0","0","0","0"
"KSH","0.80","0.00 (0.0 %)","0.80","0.90","0.90","0.80","444.998","356.273.400","0","0"
"ICI","3.00","0.00 (0.0 %)","3.00","3.00","3.00","3.00","0","0","0","0"
"HHR","1.60","0.00 (0.0 %)","1.60","1.60","1.60","1.60","0","0","0","0"
"LWS","10.30","0.00 (0.0 %)","10.30","10.30","10.30","10.30","0","0","0","0"
"MA1","23.00","0.00 (0.0 %)","23.00","23.00","23.00","23.00","0","0","0","0"
"GTK","12.00","0.00 (0.0 %)","12.00","12.00","12.00","12.00","0","0","0","0"
"GTT","0.30","0.00 (0.0 %)","0.30","0.30","0.30","0.30","0","0","0","0"
"GTS","9.80","0.00 (0.0 %)","9.80","9.80","9.80","9.80","0","0","0","0"
"GQN","10.10","0.00 (0.0 %)","10.10","10.10","10.10","10.10","0","0","0","0"
"GLW","4.10","0.00 (0.0 %)","4.10","4.10","4.10","4.10","0","0","0","0"
"GSM","9.60","0.00 (0.0 %)","9.60","9.60","9.60","9.60","0","0","0","0"
"GTH","5.30","0.00 (0.0 %)","5.30","5.30","5.30","5.30","0","0","0","0"
"GTD","27.00","0.00 (0.0 %)","27.00","27.00","27.00","27.00","0","0","0","0"
"LQN","9.00","0.00 (0.0 %)","9.00","9.00","9.00","9.00","0","0","0","0"
"HAM","21.10","0.00 (0.0 %)","21.10","21.10","21.10","21.10","0","0","0","0"
"HAV","2.60","0.00 (0.0 %)","2.60","2.60","2.60","2.60","0","0","0","0"
"HAW","10.00","0.00 (0.0 %)","10.00","10.00","10.00","10.00","0","0","0","0"
"LNC","10.00","-0.04 (-0.4 %)","10.00","10.00","10.00","10.00","0","0","0","0"
"HAB","27.80","0.00 (0.0 %)","27.80","27.80","27.80","27.80","0","0","0","0"
"H11","9.90","0.00 (0.0 %)","9.90","9.90","9.90","9.90","0","0","0","0"
"HAC","5.30","0.00 (0.0 %)","5.30","5.30","5.30","5.30","11.990","63.520.000","0","0"
"HAF","14.20","0.00 (0.0 %)","14.20","14.20","14.20","14.20","0","0","0","0"
"LTC","2.60","0.00 (0.0 %)","2.60","2.60","2.60","2.60","0","0","0","0"
"GLC","10.00","0.00 (0.0 %)","10.00","10.00","10.00","10.00","0","0","0","0"
"FHS","27.00","0.00 (0.0 %)","27.00","27.00","27.00","27.00","0","0","0","0"
"FHN","14.00","0.00 (0.0 %)","14.00","14.00","14.00","14.00","0","0","0","0"
"FIC","12.80","0.00 (0.0 %)","12.80","12.80","12.80","12.80","0","0","0","0"
"YTC","69.70","0.00 (0.0 %)","69.70","69.70","69.70","69.70","0","0","0","0"
"FRC","16.50","0.00 (0.0 %)","16.50","16.50","16.50","16.50","0","0","0","0"
"FCC","11.00","0.00 (0.0 %)","11.00","11.00","11.00","11.00","0","0","0","0"
"FBC","4.60","0.00 (0.0 %)","4.60","4.60","4.60","4.60","0","0","0","0"
"FCS","7.60","0.00 (0.0 %)","7.60","7.60","7.60","7.60","0","0","0","0"
"FGL","11.10","0.00 (0.0 %)","11.10","11.10","11.10","11.10","0","0","0","0"
"FDG","0.70","0.00 (0.0 %)","0.70","0.70","0.70","0.70","0","0","0","0"
"MC3","8.00","0.00 (0.0 %)","8.00","8.00","8.00","8.00","0","0","0","0"
"GCB","10.50","0.00 (0.0 %)","10.50","10.50","10.50","10.50","0","0","0","0"
"MBN","8.90","0.00 (0.0 %)","8.90","8.90","8.90","8.90","0","0","0","0"
"GGG","1.10","0.00 (0.0 %)","1.10","1.10","1.10","1.10","0","0","0","0"
"GER","5.00","0.00 (0.0 %)","5.00","5.00","5.00","5.00","0","0","0","0"
"FSO","11.50","0.00 (0.0 %)","11.50","11.50","11.50","11.50","0","0","0","0"
"FRM","17.00","0.00 (0.0 %)","17.00","17.00","17.00","17.00","0","0","0","0"
"FT1","31.30","0.00 (0.0 %)","31.30","31.30","31.30","31.30","0","0","0","0"
"G20","0.30","0.00 (0.0 %)","0.30","0.30","0.30","0.30","0","0","0","0"
"FTI","3.50","0.00 (0.0 %)","3.50","3.50","3.50","3.50","0","0","0","0"
"HEM","12.70","0.00 (0.0 %)","12.70","12.70","12.70","12.70","1.500","19.050.000","0","0"
"LM3","1.00","0.00 (0.0 %)","1.00","1.00","1.00","1.00","0","0","0","0"
"HEP","8.90","0.00 (0.0 %)","8.90","8.90","8.90","8.90","0","0","0","0"
"HFB","7.00","0.00 (0.0 %)","7.00","7.00","7.00","7.00","0","0","0","0"
"HES","10.60","0.00 (0.0 %)","10.60","10.60","10.60","10.60","0","0","0","0"
"HDP","10.00","0.00 (0.0 %)","10.00","10.00","10.00","10.00","6.000","60.000.000","0","0"
"HDO","0.30","0.00 (0.0 %)","0.30","0.30","0.30","0.30","0","0","0","0"
"HDW","11.60","0.00 (0.0 %)","11.60","11.60","11.60","11.60","0","0","0","0"
"HEJ","23.20","0.00 (0.0 %)","23.20","23.20","23.20","23.20","0","0","0","0"
"HEC","57.50","0.00 (0.0 %)","57.50","57.50","57.50","57.50","0","0","0","0"
"HGC","10.00","0.00 (0.0 %)","10.00","10.00","10.00","10.00","0","0","0","0"
"LG9","4.00","0.00 (0.0 %)","4.00","4.00","4.00","4.00","0","0","0","0"
"HGR","10.00","0.00 (0.0 %)","10.00","10.00","10.00","10.00","0","0","0","0"
"HHN","6.60","0.00 (0.0 %)","6.60","6.60","6.60","6.60","0","0","0","0"
"HGT","10.00","0.00 (0.0 %)","10.00","10.00","10.00","10.00","0","0","0","0"
"HFS","23.30","0.00 (0.0 %)","23.30","23.30","23.30","23.30","0","0","0","0"
"HFC","6.70","0.00 (0.0 %)","6.70","6.70","6.70","6.70","0","0","0","0"
"HFX","1.40","0.00 (0.0 %)","1.40","1.40","1.40","1.40","0","0","0","0"
"LGM","12.00","0.00 (0.0 %)","12.00","12.00","12.00","12.00","0","0","0","0"
"HGA","15.40","0.00 (0.0 %)","15.40","15.40","15.40","15.40","0","0","0","0"
"LMH","1.20","0.00 (0.0 %)","1.20","1.20","1.20","1.20","0","0","0","0"
"LMI","9.60","0.00 (0.0 %)","9.60","9.60","9.60","9.60","0","0","0","0"
"HBW","7.10","0.00 (0.0 %)","7.10","7.10","7.10","7.10","0","0","0","0"
"HCS","12.70","0.00 (0.0 %)","12.70","12.70","12.70","12.70","0","0","0","0"
"HC1","23.80","0.00 (0.0 %)","23.80","23.80","23.80","23.80","0","0","0","0"
"HC3","29.30","0.00 (0.0 %)","29.30","29.30","29.30","29.30","0","0","0","0"
"HBD","13.80","0.00 (0.0 %)","13.80","13.80","13.80","13.80","0","0","0","0"
"HCI","37.40","0.00 (0.0 %)","37.40","37.40","37.40","37.40","0","0","0","0"
"HD8","8.00","0.00 (0.0 %)","8.00","8.00","8.00","8.00","0","0","0","0"
"HD6","10.20","0.00 (0.0 %)","10.20","10.20","10.20","10.20","0","0","0","0"
"HBH","5.10","0.00 (0.0 %)","5.10","5.10","5.10","5.10","0","0","0","0"
"FOC","104.20","-0.20 (-0.2 %)","104.40","104.40","104.40","104.00","800","83.280.000","0","0"
"SNZ","30.80","-0.10 (-0.3 %)","30.90","31.00","31.10","30.40","23.974","734.575.300","0","0"
"VSN","25.40","-0.10 (-0.4 %)","25.50","25.50","25.50","25.30","1.900","48.340.000","0","0"
"LTG","24.10","-0.10 (-0.4 %)","24.20","23.80","24.40","23.80","639.661","15.465.423.100","0","0"
"VCR","18.90","-0.10 (-0.5 %)","19.00","19.30","19.30","18.90","75.921","1.439.589.000","0","0"
"VTP","109.20","-0.60 (-0.5 %)","109.80","110.00","111.00","108.80","118.040","12.902.034.500","0","0"
"SWC","16.00","-0.10 (-0.6 %)","16.10","16.10","16.10","15.90","25.350","406.480.000","0","0"
"MLS","43.60","-0.30 (-0.7 %)","43.90","43.60","44.10","42.50","21.546","936.542.800","0","0"
"SIP","155.00","-1.10 (-0.7 %)","156.10","154.00","157.00","153.00","103.930","16.084.407.000","0","0"
"G36","13.20","-0.10 (-0.8 %)","13.30","13.40","13.40","12.60","1.430.163","18.406.046.200","0","0"
"BVB","13.00","-0.10 (-0.8 %)","13.10","13.20","13.20","12.70","1.430.093","18.508.096.400","0","0"
"MIG","12.70","-0.10 (-0.8 %)","12.80","12.90","12.90","12.70","113.700","1.447.320.000","0","0"
"PRT","11.90","-0.10 (-0.8 %)","12.00","12.00","13.80","11.50","10.300","121.440.000","50.000","690.000.000"
"VOC","20.80","-0.20 (-1.0 %)","21.00","21.00","21.20","20.60","215.150","4.474.842.200","0","0"
"PCM","10.30","-0.10 (-1.0 %)","10.40","10.40","10.40","10.30","12.100","125.510.000","0","0"
"PXL","10.00","-0.10 (-1.0 %)","10.10","10.00","10.20","9.90","273.969","2.733.326.900","0","0"
"VEF","86.00","-0.90 (-1.0 %)","86.90","86.10","86.30","85.00","14.200","1.218.710.000","0","0"
"VGT","9.40","-0.10 (-1.1 %)","9.50","9.50","9.60","9.30","233.119","2.196.851.900","0","0"
"GVT","56.00","-0.60 (-1.1 %)","56.60","56.00","56.00","56.00","3.400","190.400.000","0","0"
"AMS","9.00","-0.10 (-1.1 %)","9.10","9.10","9.10","9.00","48.300","434.940.000","0","0"
"NED","8.50","-0.10 (-1.2 %)","8.60","8.60","8.70","8.50","25.700","220.490.000","0","0"
"QSP","16.80","-0.20 (-1.2 %)","17.00","16.80","16.80","16.80","500","8.400.000","0","0"
"VTK","30.80","-0.40 (-1.3 %)","31.20","29.80","31.50","29.80","7.306","226.108.400","0","0"
"GHC","30.50","-0.40 (-1.3 %)","30.90","30.80","30.90","30.50","3.100","94.650.000","0","0"
"CLX","15.10","-0.20 (-1.3 %)","15.30","15.50","15.50","15.10","6.400","98.410.000","0","0"
"PAS","15.10","-0.20 (-1.3 %)","15.30","15.90","15.90","15.10","777.729","11.869.570.800","0","0"
"TA6","7.10","-0.10 (-1.4 %)","7.20","7.80","8.00","7.10","18.800","139.360.000","0","0"
"CCR","13.50","-0.20 (-1.5 %)","13.70","13.50","13.50","13.50","1.000","13.500.000","0","0"
"VGI","32.10","-0.50 (-1.5 %)","32.60","32.60","32.60","31.70","683.628","21.945.033.700","0","0"
"MHP","12.00","-0.20 (-1.6 %)","12.20","12.00","12.00","12.00","1.900","22.800.000","0","0"
"SJG","5.50","-0.10 (-1.8 %)","5.60","5.50","5.50","5.50","100","550.000","0","0"
"MFS","25.90","-0.50 (-1.9 %)","26.40","26.40","26.40","25.90","39.800","1.036.880.000","0","0"
"NTC","243.50","-5.20 (-2.1 %)","248.70","248.70","248.70","235.10","73.612","17.785.842.300","0","0"
"VLC","34.10","-0.80 (-2.3 %)","34.90","34.50","34.80","34.10","30.310","1.039.975.000","0","0"
"NUE","8.50","-0.20 (-2.3 %)","8.70","8.30","8.50","8.30","1.000","8.400.000","0","0"
"MSR","16.90","-0.40 (-2.3 %)","17.30","17.20","17.20","16.90","352.860","6.019.032.000","0","0"
"AFX","12.50","-0.30 (-2.3 %)","12.80","12.80","12.90","12.30","175.170","2.192.842.600","0","0"
"PWA","12.20","-0.30 (-2.4 %)","12.50","12.50","12.50","12.20","186.711","2.296.662.900","0","0"
"BDT","18.60","-0.50 (-2.6 %)","19.10","19.00","19.00","18.60","12.600","236.880.000","0","0"
"VRG","25.70","-0.70 (-2.7 %)","26.40","26.40","26.40","25.70","40.800","1.063.310.000","0","0"
"ACE","28.00","-0.80 (-2.8 %)","28.80","28.00","28.00","28.00","117","3.284.500","0","0"
"MTA","7.00","-0.20 (-2.8 %)","7.20","7.20","7.60","6.90","41.500","291.460.000","0","0"
"ABC","17.40","-0.50 (-2.8 %)","17.90","17.60","17.90","17.40","32.310","565.837.000","0","0"
"PVO","3.40","-0.10 (-2.9 %)","3.50","3.50","3.50","3.40","17.100","58.200.000","0","0"
"SEA","27.10","-0.80 (-2.9 %)","27.90","27.70","27.70","26.80","61.900","1.681.850.000","0","0"
"XMC","9.90","-0.30 (-2.9 %)","10.20","9.50","9.90","9.50","3.200","31.470.000","0","0"
"HCB","16.50","-0.50 (-2.9 %)","17.00","16.50","16.50","16.50","1.000","16.500.000","0","0"
"BSL","9.60","-0.30 (-3.0 %)","9.90","9.90","9.90","9.60","10.100","97.880.000","0","0"
"TTN","9.40","-0.30 (-3.1 %)","9.70","9.80","9.80","9.20","119.139","1.120.059.500","0","0"
"SIG","3.00","-0.10 (-3.2 %)","3.10","3.00","3.00","3.00","100","300.000","0","0"
"PPH","16.30","-0.60 (-3.6 %)","16.90","16.60","16.80","16.30","12.400","204.490.000","0","0"
"CQN","19.00","-0.70 (-3.6 %)","19.70","19.70","19.70","19.00","6.165","117.308.000","0","0"
"DTV","40.00","-1.50 (-3.6 %)","41.50","40.00","40.00","36.00","300","12.000.000","1.600","57.600.000"
"QNC","5.30","-0.20 (-3.6 %)","5.50","5.50","5.50","5.30","11.521","61.399.200","0","0"
"SDD","2.10","-0.10 (-4.5 %)","2.20","2.10","2.10","2.10","44.400","93.240.000","0","0"
"BMF","21.80","-1.10 (-4.8 %)","22.90","21.80","21.80","21.80","2.100","45.780.000","0","0"
"AAS","5.80","-0.30 (-4.9 %)","6.10","6.10","6.10","5.30","4.921.470","27.610.215.600","0","0"
"ICF","1.80","-0.10 (-5.3 %)","1.90","1.70","1.80","1.70","6.800","11.730.000","0","0"
"BVG","1.80","-0.10 (-5.3 %)","1.90","2.00","2.00","1.80","45.600","86.540.000","0","0"
"IPA","14.30","-0.80 (-5.3 %)","15.10","15.70","15.90","14.30","5.400","84.900.000","0","0"
"SZE","13.90","-0.80 (-5.4 %)","14.70","14.50","14.50","13.70","42.150","595.269.000","0","0"
"VCX","5.20","-0.30 (-5.5 %)","5.50","5.20","5.20","5.20","5.500","28.600.000","0","0"
"HU4","7.50","-0.50 (-6.3 %)","8.00","7.50","7.50","7.50","1.200","9.000.000","0","0"
"HPI","22.00","-1.60 (-6.8 %)","23.60","23.80","23.80","22.00","5.602","130.847.200","0","0"
"BRR","11.00","-1.02 (-8.6 %)","11.80","11.00","11.00","11.00","10.500","115.500.000","0","0"
"VFR","2.70","-0.20 (-6.9 %)","2.90","2.70","2.70","2.70","100","270.000","0","0"
"HNE","7.30","-0.60 (-7.6 %)","7.90","8.20","8.20","7.30","900","6.980.000","0","0"
"QHW","17.00","-1.40 (-7.6 %)","18.40","17.00","17.00","17.00","2.900","49.300.000","0","0"
"BBT","18.00","-1.50 (-7.7 %)","19.50","18.00","18.00","18.00","2.830","50.940.000","0","0"
"VE9","1.20","-0.10 (-7.7 %)","1.30","1.30","1.30","1.20","2.933","3.699.800","0","0"
"VKD","36.70","-3.10 (-7.8 %)","39.80","40.40","40.40","36.70","2.646","103.131.900","0","0"
"IFC","7.00","-0.60 (-7.9 %)","7.60","7.00","7.00","7.00","600","4.200.000","0","0"
"BMS","7.00","-0.60 (-7.9 %)","7.60","7.00","7.00","7.00","100","700.000","0","0"
"MH3","69.00","-10.96 (-14.6 %)","75.10","72.00","74.00","68.50","23.219","1.609.557.000","0","0"
"NAW","9.60","-0.90 (-8.6 %)","10.50","10.00","10.00","9.00","1.100","10.420.000","0","0"
"VTE","4.20","-0.40 (-8.7 %)","4.60","4.20","4.20","4.20","4.790","20.149.200","0","0"
"VFC","12.20","-1.40 (-10.3 %)","13.60","12.20","12.20","12.20","100","1.220.000","0","0"
"HMS","19.40","-2.60 (-11.8 %)","22.00","19.40","19.40","19.40","130","2.600.000","0","0"
"CT6","5.50","-0.80 (-12.7 %)","6.30","5.50","5.50","5.50","13.920","76.558.000","0","0"
"HIZ","28.00","-4.10 (-12.8 %)","32.10","28.00","28.00","28.00","500","14.000.000","0","0"
"HKC","34.00","-5.00 (-12.8 %)","39.00","44.00","44.00","34.00","200","7.800.000","0","0"
"HKP","4.60","-0.70 (-13.2 %)","5.30","4.60","4.60","4.60","2.600","11.960.000","0","0"
"DAR","10.80","-1.70 (-13.6 %)","12.50","10.80","10.80","10.80","100","1.080.000","0","0"
"VPR","14.50","-2.30 (-13.7 %)","16.80","14.50","14.50","14.50","100","1.450.000","0","0"
"MTL","6.30","-1.00 (-13.7 %)","7.30","6.30","6.30","6.30","5.800","36.540.000","286.000","1.801.800.000"
"DCR","2.50","-0.40 (-13.8 %)","2.90","2.50","2.50","2.50","100","250.000","0","0"
"SPV","12.50","-2.10 (-14.4 %)","14.60","14.50","14.50","12.50","900","12.850.000","0","0"
"HAN","24.90","-4.30 (-14.7 %)","29.20","27.00","29.00","24.90","147.000","4.062.830.000","0","0"
"A32","30.40","-5.30 (-14.8 %)","35.70","30.40","30.40","30.40","200","6.080.000","0","0"
"VIM","25.80","-4.50 (-14.9 %)","30.30","25.80","25.80","25.80","2.200","56.760.000","0","0"
"DAP","35.90","-6.30 (-14.9 %)","42.20","35.90","35.90","35.90","100","3.590.000","0","0"
"CCM","46.70","-8.20 (-14.9 %)","54.90","46.70","46.70","46.70","103","4.810.100","0","0"
"PHS","8.50","-1.50 (-15.0 %)","10.00","8.50","8.50","8.50","100","850.000","0","0"
